mtllib bouncy_toyota_yaris.mtl
o o_Object_6
usemtl material_0
v 0.009436042979359627 -0.9635677933692932 -3.2882862091064453
v 0.009436015039682388 -0.6494568586349487 -3.36299991607666
v 1.3017661571502686 -0.9430315494537354 -3.2691636085510254
v 0.009436015039682388 -0.6494568586349487 -3.36299991607666
v 0.009436042979359627 -0.9635677933692932 -3.2882862091064453
v -1.2799630165100098 -0.9430315494537354 -3.269162178039551
v 1.3017661571502686 -0.9430315494537354 -3.2691636085510254
v 0.009436015039682388 -0.6494568586349487 -3.36299991607666
v 1.4058301448822021 -0.6317211389541626 -3.318528175354004
v -1.386958122253418 -0.6317211389541626 -3.318526268005371
v 0.009436015039682388 -0.6494568586349487 -3.36299991607666
v -1.2799630165100098 -0.9430315494537354 -3.269162178039551
v 0.009436015039682388 -0.6494568586349487 -3.36299991607666
v 0.009436005726456642 -0.33721303939819336 -3.3834571838378906
v 1.4058301448822021 -0.6317211389541626 -3.318528175354004
v 0.009436005726456642 -0.33721303939819336 -3.3834571838378906
v 0.009436015039682388 -0.6494568586349487 -3.36299991607666
v -1.386958122253418 -0.6317211389541626 -3.318526268005371
v 1.4058301448822021 -0.6317211389541626 -3.318528175354004
v 0.009436005726456642 -0.33721303939819336 -3.3834571838378906
v 1.458104133605957 -0.3297452926635742 -3.3287572860717773
v -1.4392321109771729 -0.3297452926635742 -3.3287553787231445
v 0.009436005726456642 -0.33721303939819336 -3.3834571838378906
v -1.386958122253418 -0.6317211389541626 -3.318526268005371
v 0.009436005726456642 -0.33721303939819336 -3.3834571838378906
v 0.009436029940843582 -0.16685569286346436 -3.324308395385742
v 1.458104133605957 -0.3297452926635742 -3.3287572860717773
v 0.009436029940843582 -0.16685569286346436 -3.324308395385742
v 0.009436005726456642 -0.33721303939819336 -3.3834571838378906
v -1.4392321109771729 -0.3297452926635742 -3.3287553787231445
v 1.458104133605957 -0.3297452926635742 -3.3287572860717773
v 0.009436029940843582 -0.16685569286346436 -3.324308395385742
v 1.458104133605957 -0.19579315185546875 -3.2691636085510254
v -1.4392321109771729 -0.19579315185546875 -3.2691617012023926
v 0.009436029940843582 -0.16685569286346436 -3.324308395385742
v -1.4392321109771729 -0.3297452926635742 -3.3287553787231445
v 0.009436029940843582 -0.16685569286346436 -3.324308395385742
v 0.009436070919036865 -0.029169678688049316 -3.21890926361084
v 1.458104133605957 -0.19579315185546875 -3.2691636085510254
v 0.009436070919036865 -0.029169678688049316 -3.21890926361084
v 0.009436029940843582 -0.16685569286346436 -3.324308395385742
v -1.4392321109771729 -0.19579315185546875 -3.2691617012023926
v 1.458104133605957 -0.19579315185546875 -3.2691636085510254
v 0.009436070919036865 -0.029169678688049316 -3.21890926361084
v 1.4581043720245361 -0.07210910320281982 -3.153980255126953
v -1.4392321109771729 -0.07210910320281982 -3.1539783477783203
v 0.009436070919036865 -0.029169678688049316 -3.21890926361084
v -1.4392321109771729 -0.19579315185546875 -3.2691617012023926
v 0.009436070919036865 -0.029169678688049316 -3.21890926361084
v 1.4581043720245361 0.37408697605133057 -3.146864414215088
v 1.4581043720245361 -0.07210910320281982 -3.153980255126953
v -1.4392318725585938 0.37408697605133057 -3.1468629837036133
v 0.009436070919036865 -0.029169678688049316 -3.21890926361084
v -1.4392321109771729 -0.07210910320281982 -3.1539783477783203
v 1.4581043720245361 0.37408697605133057 -3.146864414215088
v 0.009436070919036865 -0.029169678688049316 -3.21890926361084
v 0.009436070919036865 0.3848220109939575 -3.2157959938049316
v 0.009436070919036865 0.3848220109939575 -3.2157959938049316
v 0.009436070919036865 -0.029169678688049316 -3.21890926361084
v -1.4392318725585938 0.37408697605133057 -3.1468629837036133
v 0.009436158463358879 0.5869170427322388 -3.118401527404785
v 1.4581043720245361 0.37408697605133057 -3.146864414215088
v 0.009436070919036865 0.3848220109939575 -3.2157959938049316
v 0.009436158463358879 0.5869170427322388 -3.118401527404785
v 0.009436070919036865 0.3848220109939575 -3.2157959938049316
v -1.4392318725585938 0.37408697605133057 -3.1468629837036133
v 0.009436158463358879 0.5869170427322388 -3.118401527404785
v 1.3540403842926025 0.5710481405258179 -3.0534725189208984
v 1.4581043720245361 0.37408697605133057 -3.146864414215088
v 0.009436158463358879 0.5869170427322388 -3.118401527404785
v -1.4392318725585938 0.37408697605133057 -3.1468629837036133
v -1.334683895111084 0.5710481405258179 -3.053471088409424
v 0.009436158463358879 0.5869170427322388 -3.118401527404785
v 0.009436370804905891 1.3187531232833862 -2.69769287109375
v 1.3540403842926025 0.5710481405258179 -3.0534725189208984
v 0.009436158463358879 0.5869170427322388 -3.118401527404785
v -1.334683895111084 0.5710481405258179 -3.053471088409424
v 0.009436370804905891 1.3187531232833862 -2.69769287109375
v 0.009436370804905891 1.3187531232833862 -2.69769287109375
v 0.9794099926948547 1.2795475721359253 -2.6598916053771973
v 1.3540403842926025 0.5710481405258179 -3.0534725189208984
v -0.9605373740196228 1.2795475721359253 -2.659890651702881
v 0.009436370804905891 1.3187531232833862 -2.69769287109375
v -1.334683895111084 0.5710481405258179 -3.053471088409424
v 0.06413048505783081 1.272546648979187 -2.7203736305236816
v 0.03557339683175087 1.3630927801132202 -2.6683411598205566
v 0.0641305223107338 1.3210870027542114 -2.6194214820861816
v 0.03557338938117027 1.3602925539016724 -2.688798427581787
v 0.02831307426095009 1.543056845664978 -2.7134242057800293
v 0.03557339683175087 1.3630927801132202 -2.6683411598205566
v 0.02831307426095009 1.543056845664978 -2.7134242057800293
v 0.03557338938117027 1.3602925539016724 -2.688798427581787
v 0.013792546465992928 1.3616925477981567 -2.678569793701172
v 0.013792546465992928 1.3616925477981567 -2.678569793701172
v 0.03557338938117027 1.3602925539016724 -2.688798427581787
v 0.06413048505783081 1.272546648979187 -2.7203736305236816
v -0.04283764958381653 1.314085841178894 -2.669674873352051
v 0.013792546465992928 1.3616925477981567 -2.678569793701172
v 0.06413048505783081 1.272546648979187 -2.7203736305236816
v -1.3121984004974365 -0.6144520044326782 -3.067257881164551
v -1.7250664234161377 -0.3871535062789917 -2.850677013397217
v -1.3121984004974365 -0.3871535062789917 -2.850677490234375
v -1.7250664234161377 -0.3871535062789917 -2.850677013397217
v -1.3121981620788574 -0.30407512187957764 -2.554936408996582
v -1.3121984004974365 -0.3871535062789917 -2.850677490234375
v -1.7250661849975586 -0.30407512187957764 -2.554935932159424
v -1.3121981620788574 -0.30407512187957764 -2.554936408996582
v -1.7250664234161377 -0.3871535062789917 -2.850677013397217
v -1.3121984004974365 -0.6144520044326782 -3.067257881164551
v -1.7250666618347168 -0.6144520044326782 -3.0672574043273926
v -1.7250664234161377 -0.3871535062789917 -2.850677013397217
v -1.3121984004974365 -0.6144520044326782 -3.067257881164551
v -1.7250666618347168 -0.925295889377594 -3.1468629837036133
v -1.7250666618347168 -0.6144520044326782 -3.0672574043273926
v -1.3121984004974365 -0.6144520044326782 -3.067257881164551
v -1.3121984004974365 -0.925295889377594 -3.1468634605407715
v -1.7250666618347168 -0.925295889377594 -3.1468629837036133
v -1.3121984004974365 -1.2356728315353394 -3.067257881164551
v -1.7250666618347168 -0.925295889377594 -3.1468629837036133
v -1.3121984004974365 -0.925295889377594 -3.1468634605407715
v -1.3121984004974365 -1.2356728315353394 -3.067257881164551
v -1.7250666618347168 -1.2356728315353394 -3.0672574043273926
v -1.7250666618347168 -0.925295889377594 -3.1468629837036133
v -1.3121984004974365 -1.2356728315353394 -3.067257881164551
v -1.7250664234161377 -1.462971568107605 -2.850677490234375
v -1.7250666618347168 -1.2356728315353394 -3.0672574043273926
v -1.3121984004974365 -1.2356728315353394 -3.067257881164551
v -1.3121984004974365 -1.462971568107605 -2.850677490234375
v -1.7250664234161377 -1.462971568107605 -2.850677490234375
v -1.3121981620788574 -1.5465166568756104 -2.554936408996582
v -1.7250664234161377 -1.462971568107605 -2.850677490234375
v -1.3121984004974365 -1.462971568107605 -2.850677490234375
v -1.3121981620788574 -1.5465166568756104 -2.554936408996582
v -1.7250661849975586 -1.5465166568756104 -2.554936408996582
v -1.7250664234161377 -1.462971568107605 -2.850677490234375
v -1.3121981620788574 -1.5465166568756104 -2.554936408996582
v -1.7250661849975586 -1.4629716873168945 -2.2587504386901855
v -1.7250661849975586 -1.5465166568756104 -2.554936408996582
v -1.3121981620788574 -1.5465166568756104 -2.554936408996582
v -1.3121979236602783 -1.4629716873168945 -2.2587504386901855
v -1.7250661849975586 -1.4629716873168945 -2.2587504386901855
v -1.3121979236602783 -1.235673189163208 -2.0421700477600098
v -1.7250661849975586 -1.4629716873168945 -2.2587504386901855
v -1.3121979236602783 -1.4629716873168945 -2.2587504386901855
v -1.3121979236602783 -1.235673189163208 -2.0421700477600098
v -1.7250659465789795 -1.235673189163208 -2.0421700477600098
v -1.7250661849975586 -1.4629716873168945 -2.2587504386901855
v -1.3121979236602783 -1.235673189163208 -2.0421700477600098
v -1.7250659465789795 -0.9252961277961731 -1.963008999824524
v -1.7250659465789795 -1.235673189163208 -2.0421700477600098
v -1.3121979236602783 -1.235673189163208 -2.0421700477600098
v -1.3121979236602783 -0.9252961277961731 -1.9630091190338135
v -1.7250659465789795 -0.9252961277961731 -1.963008999824524
v -1.3121979236602783 -0.6144523620605469 -2.0421700477600098
v -1.7250659465789795 -0.9252961277961731 -1.963008999824524
v -1.3121979236602783 -0.9252961277961731 -1.9630091190338135
v -1.3121979236602783 -0.6144523620605469 -2.0421700477600098
v -1.7250659465789795 -0.6144523620605469 -2.0421698093414307
v -1.7250659465789795 -0.9252961277961731 -1.963008999824524
v -1.3121979236602783 -0.6144523620605469 -2.0421700477600098
v -1.7250661849975586 -0.38715362548828125 -2.2587499618530273
v -1.7250659465789795 -0.6144523620605469 -2.0421698093414307
v -1.3121979236602783 -0.6144523620605469 -2.0421700477600098
v -1.3121979236602783 -0.38715362548828125 -2.2587504386901855
v -1.7250661849975586 -0.38715362548828125 -2.2587499618530273
v -1.3121979236602783 -0.38715362548828125 -2.2587504386901855
v -1.3121981620788574 -0.30407512187957764 -2.554936408996582
v -1.7250661849975586 -0.38715362548828125 -2.2587499618530273
v -1.7250661849975586 -0.38715362548828125 -2.2587499618530273
v -1.3121981620788574 -0.30407512187957764 -2.554936408996582
v -1.7250661849975586 -0.30407512187957764 -2.554935932159424
v -1.0650837421417236 1.3490899801254272 0.3851318359375
v -1.4653663635253906 0.6153863668441772 1.5867749452590942
v 0.00943811610341072 1.3850282430648804 0.4162619113922119
v 0.00943811610341072 1.3850282430648804 0.4162619113922119
v -1.4653663635253906 0.6153863668441772 1.5867749452590942
v 0.009438782930374146 0.6657935380935669 1.631691336631775
v -1.4653663635253906 0.6153863668441772 1.5867749452590942
v -1.5089280605316162 0.47816717624664307 1.8420463800430298
v 0.009438782930374146 0.6657935380935669 1.631691336631775
v 0.00943811610341072 1.3850282430648804 0.4162619113922119
v 0.009438782930374146 0.6657935380935669 1.631691336631775
v 1.4842438697814941 0.6153863668441772 1.5867732763290405
v 1.0839598178863525 1.3490899801254272 0.3851306438446045
v 0.00943811610341072 1.3850282430648804 0.4162619113922119
v 1.4842438697814941 0.6153863668441772 1.5867732763290405
v 1.4842438697814941 0.6153863668441772 1.5867732763290405
v 0.009438782930374146 0.6657935380935669 1.631691336631775
v 1.5278058052062988 0.47816717624664307 1.842044711112976
v 0.009438782930374146 0.6657935380935669 1.631691336631775
v -1.5089280605316162 0.47816717624664307 1.8420463800430298
v 0.009438924491405487 0.543042778968811 1.872731328010559
v 0.009438782930374146 0.6657935380935669 1.631691336631775
v 0.009438924491405487 0.543042778968811 1.872731328010559
v 1.5278058052062988 0.47816717624664307 1.842044711112976
v -1.5089280605316162 0.47816717624664307 1.8420463800430298
v -1.5524892807006836 0.23966658115386963 2.7666263580322266
v 0.009438924491405487 0.543042778968811 1.872731328010559
v 1.5278058052062988 0.47816717624664307 1.842044711112976
v 0.009438924491405487 0.543042778968811 1.872731328010559
v 1.5713679790496826 0.23966658115386963 2.766624927520752
v 0.009438924491405487 0.543042778968811 1.872731328010559
v -1.5524892807006836 0.23966658115386963 2.7666263580322266
v -1.1957671642303467 0.27093780040740967 2.787083625793457
v -1.5524892807006836 0.23966658115386963 2.7666263580322266
v -1.5524890422821045 0.07024276256561279 3.0023303031921387
v -1.1957671642303467 0.27093780040740967 2.787083625793457
v 0.009438924491405487 0.543042778968811 1.872731328010559
v 1.2146461009979248 0.27093780040740967 2.7870826721191406
v 1.5713679790496826 0.23966658115386963 2.766624927520752
v 1.5713679790496826 0.23966658115386963 2.766624927520752
v 1.2146461009979248 0.27093780040740967 2.7870826721191406
v 1.5713682174682617 0.07024276256561279 3.002328395843506
v 0.009439429268240929 0.2956744432449341 2.797311782836914
v 0.009438924491405487 0.543042778968811 1.872731328010559
v -1.1957671642303467 0.27093780040740967 2.787083625793457
v 0.009439429268240929 0.2956744432449341 2.797311782836914
v 1.2146461009979248 0.27093780040740967 2.7870826721191406
v 0.009438924491405487 0.543042778968811 1.872731328010559
v -1.1957671642303467 0.27093780040740967 2.787083625793457
v -1.5524890422821045 0.07024276256561279 3.0023303031921387
v -1.1957671642303467 0.10478091239929199 3.0752644538879395
v 0.009439429268240929 0.2956744432449341 2.797311782836914
v -1.1957671642303467 0.27093780040740967 2.787083625793457
v -1.1957671642303467 0.10478091239929199 3.0752644538879395
v -1.5524890422821045 0.07024276256561279 3.0023303031921387
v -1.204479455947876 -0.23873412609100342 3.2229127883911133
v -1.1957671642303467 0.10478091239929199 3.0752644538879395
v 0.009439429268240929 0.2956744432449341 2.797311782836914
v -1.1957671642303467 0.10478091239929199 3.0752644538879395
v 0.009439593181014061 0.12064981460571289 3.0943870544433594
v 1.2146461009979248 0.27093780040740967 2.7870826721191406
v 1.214646339416504 0.10478091239929199 3.075263500213623
v 1.5713682174682617 0.07024276256561279 3.002328395843506
v 0.009439429268240929 0.2956744432449341 2.797311782836914
v 1.214646339416504 0.10478091239929199 3.075263500213623
v 1.2146461009979248 0.27093780040740967 2.7870826721191406
v 0.009439429268240929 0.2956744432449341 2.797311782836914
v 0.009439593181014061 0.12064981460571289 3.0943870544433594
v 1.214646339416504 0.10478091239929199 3.075263500213623
v 1.5713682174682617 0.07024276256561279 3.002328395843506
v 1.214646339416504 0.10478091239929199 3.075263500213623
v 1.2233588695526123 -0.23873412609100342 3.222911834716797
v -1.1957671642303467 0.10478091239929199 3.0752644538879395
v -1.204479455947876 -0.23873412609100342 3.2229127883911133
v 0.00943966768682003 -0.21726453304290771 3.2820606231689453
v 0.00943966768682003 -0.21726453304290771 3.2820606231689453
v 0.009439593181014061 0.12064981460571289 3.0943870544433594
v -1.1957671642303467 0.10478091239929199 3.0752644538879395
v 1.214646339416504 0.10478091239929199 3.075263500213623
v 0.009439593181014061 0.12064981460571289 3.0943870544433594
v 0.00943966768682003 -0.21726453304290771 3.2820606231689453
v 1.214646339416504 0.10478091239929199 3.075263500213623
v 0.00943966768682003 -0.21726453304290771 3.2820606231689453
v 1.2233588695526123 -0.23873412609100342 3.222911834716797
v -1.204479455947876 -0.23873412609100342 3.2229127883911133
v -1.204479455947876 -0.39835667610168457 3.290955066680908
v 0.00943966768682003 -0.21726453304290771 3.2820606231689453
v 1.2233588695526123 -0.23873412609100342 3.222911834716797
v 0.00943966768682003 -0.21726453304290771 3.2820606231689453
v 1.2233588695526123 -0.39835667610168457 3.290954113006592
v 0.00943966768682003 -0.21726453304290771 3.2820606231689453
v -1.204479455947876 -0.39835667610168457 3.290955066680908
v 0.009439755231142044 -0.38762176036834717 3.3834571838378906
v 0.00943966768682003 -0.21726453304290771 3.2820606231689453
v 0.009439755231142044 -0.38762176036834717 3.3834571838378906
v 1.2233588695526123 -0.39835667610168457 3.290954113006592
v -1.204479455947876 -0.39835667610168457 3.290955066680908
v 0.009439736604690552 -0.7255359888076782 3.3372058868408203
v 0.009439755231142044 -0.38762176036834717 3.3834571838378906
v 0.009439755231142044 -0.38762176036834717 3.3834571838378906
v 0.009439736604690552 -0.7255359888076782 3.3372058868408203
v 1.2233588695526123 -0.39835667610168457 3.290954113006592
v 0.009439736604690552 -0.7255359888076782 3.3372058868408203
v -1.204479455947876 -0.39835667610168457 3.290955066680908
v -1.152205228805542 -0.7110673189163208 3.2651610374450684
v 0.009439736604690552 -0.7255359888076782 3.3372058868408203
v 1.1710848808288574 -0.7110673189163208 3.265160083770752
v 1.2233588695526123 -0.39835667610168457 3.290954113006592
v -1.204479455947876 -0.9887730479240417 3.2793922424316406
v 0.009439736604690552 -0.7255359888076782 3.3372058868408203
v -1.152205228805542 -0.7110673189163208 3.2651610374450684
v 0.009439736604690552 -0.7255359888076782 3.3372058868408203
v 1.2233588695526123 -0.9887730479240417 3.279391288757324
v 1.1710848808288574 -0.7110673189163208 3.265160083770752
v 0.009439671412110329 -1.0116429328918457 3.294067859649658
v 0.009439736604690552 -0.7255359888076782 3.3372058868408203
v -1.204479455947876 -0.9887730479240417 3.2793922424316406
v 0.009439671412110329 -1.0116429328918457 3.294067859649658
v 1.2233588695526123 -0.9887730479240417 3.279391288757324
v 0.009439736604690552 -0.7255359888076782 3.3372058868408203
v 0.009439609944820404 -1.1353269815444946 3.1357460021972656
v 0.009439671412110329 -1.0116429328918457 3.294067859649658
v -1.204479455947876 -0.9887730479240417 3.2793922424316406
v 1.2233588695526123 -0.9887730479240417 3.279391288757324
v 0.009439671412110329 -1.0116429328918457 3.294067859649658
v 0.009439609944820404 -1.1353269815444946 3.1357460021972656
v -1.204479455947876 -0.9887730479240417 3.2793922424316406
v -1.40437912940979 -1.109656572341919 3.132633686065674
v 0.009439609944820404 -1.1353269815444946 3.1357460021972656
v 1.4232583045959473 -1.109656572341919 3.132632255554199
v 1.2233588695526123 -0.9887730479240417 3.279391288757324
v 0.009439609944820404 -1.1353269815444946 3.1357460021972656
v -0.9605373740196228 1.2795475721359253 -2.659890651702881
v -1.06508469581604 1.4793087244033813 -1.5098354816436768
v 0.009436370804905891 1.3187531232833862 -2.69769287109375
v 0.009436370804905891 1.3187531232833862 -2.69769287109375
v -1.06508469581604 1.4793087244033813 -1.5098354816436768
v 0.009437019005417824 1.5259820222854614 -1.5267354249954224
v -1.06508469581604 1.4793087244033813 -1.5098354816436768
v -1.0650842189788818 1.4961107969284058 -0.5020917654037476
v 0.009437019005417824 1.5259820222854614 -1.5267354249954224
v 0.009436370804905891 1.3187531232833862 -2.69769287109375
v 0.009437019005417824 1.5259820222854614 -1.5267354249954224
v 1.083958625793457 1.4793087244033813 -1.5098366737365723
v 0.009436370804905891 1.3187531232833862 -2.69769287109375
v 1.083958625793457 1.4793087244033813 -1.5098366737365723
v 0.9794099926948547 1.2795475721359253 -2.6598916053771973
v 1.083958625793457 1.4793087244033813 -1.5098366737365723
v 0.009437019005417824 1.5259820222854614 -1.5267354249954224
v 1.0839593410491943 1.4961107969284058 -0.5020929574966431
v 0.009437019005417824 1.5259820222854614 -1.5267354249954224
v -1.0650842189788818 1.4961107969284058 -0.5020917654037476
v 0.009437616914510727 1.5465179681777954 -0.4918636679649353
v 0.009437019005417824 1.5259820222854614 -1.5267354249954224
v 0.009437616914510727 1.5465179681777954 -0.4918636679649353
v 1.0839593410491943 1.4961107969284058 -0.5020929574966431
v -1.0650842189788818 1.4961107969284058 -0.5020917654037476
v 0.00943811610341072 1.3850282430648804 0.4162619113922119
v 0.009437616914510727 1.5465179681777954 -0.4918636679649353
v 0.009437616914510727 1.5465179681777954 -0.4918636679649353
v 0.00943811610341072 1.3850282430648804 0.4162619113922119
v 1.0839593410491943 1.4961107969284058 -0.5020929574966431
v 0.00943811610341072 1.3850282430648804 0.4162619113922119
v -1.0650842189788818 1.4961107969284058 -0.5020917654037476
v -1.0650837421417236 1.3490899801254272 0.3851318359375
v 0.00943811610341072 1.3850282430648804 0.4162619113922119
v 1.0839598178863525 1.3490899801254272 0.3851306438446045
v 1.0839593410491943 1.4961107969284058 -0.5020929574966431
v -1.9053399562835693 0.4968365430831909 1.0762325525283813
v -1.9029197692871094 0.4016231298446655 1.1816319227218628
v -1.9029197692871094 0.5915831327438354 1.1816319227218628
v -1.9029197692871094 0.4016231298446655 1.1816319227218628
v -1.8346731662750244 0.5915831327438354 1.2505640983581543
v -1.9029197692871094 0.5915831327438354 1.1816319227218628
v -1.9029197692871094 0.5915831327438354 1.1816319227218628
v -1.8346731662750244 0.5915831327438354 1.2505640983581543
v -1.8293490409851074 0.6256545782089233 1.1464987993240356
v -1.8346731662750244 0.5915831327438354 1.2505640983581543
v -1.7606182098388672 0.6256545782089233 1.2154308557510376
v -1.8293490409851074 0.6256545782089233 1.1464987993240356
v -1.623641014099121 0.6256545782089233 1.2825840711593628
v -1.7606182098388672 0.6256545782089233 1.2154308557510376
v -1.8346731662750244 0.5915831327438354 1.2505640983581543
v -1.8346731662750244 0.4016231298446655 1.2505640983581543
v -1.8346731662750244 0.5915831327438354 1.2505640983581543
v -1.9029197692871094 0.4016231298446655 1.1816319227218628
v -1.9029197692871094 0.4016231298446655 1.1816319227218628
v -1.7606182098388672 0.3456152677536011 1.2154308557510376
v -1.8346731662750244 0.4016231298446655 1.2505640983581543
v -1.8293490409851074 0.3456152677536011 1.146498680114746
v -1.7606182098388672 0.3456152677536011 1.2154308557510376
v -1.9029197692871094 0.4016231298446655 1.1816319227218628
v -1.7606182098388672 0.3456152677536011 1.2154308557510376
v -1.6817231178283691 0.4016231298446655 1.333727240562439
v -1.8346731662750244 0.4016231298446655 1.2505640983581543
v -1.6817231178283691 0.4016231298446655 1.333727240562439
v -1.8346731662750244 0.5915831327438354 1.2505640983581543
v -1.8346731662750244 0.4016231298446655 1.2505640983581543
v -1.623641014099121 0.3456152677536011 1.2825840711593628
v -1.6817231178283691 0.4016231298446655 1.333727240562439
v -1.7606182098388672 0.3456152677536011 1.2154308557510376
v -1.6817231178283691 0.5915831327438354 1.3337273597717285
v -1.623641014099121 0.6256545782089233 1.2825840711593628
v -1.8346731662750244 0.5915831327438354 1.2505640983581543
v -1.6817231178283691 0.4016231298446655 1.333727240562439
v -1.6817231178283691 0.5915831327438354 1.3337273597717285
v -1.8346731662750244 0.5915831327438354 1.2505640983581543
v -1.5520062446594238 0.4959031343460083 1.3101569414138794
v -1.623641014099121 0.6256545782089233 1.2825840711593628
v -1.6817231178283691 0.5915831327438354 1.3337273597717285
v -1.6817231178283691 0.4016231298446655 1.333727240562439
v -1.5520062446594238 0.4959031343460083 1.3101569414138794
v -1.6817231178283691 0.5915831327438354 1.3337273597717285
v -1.623641014099121 0.3456152677536011 1.2825840711593628
v -1.5520062446594238 0.4959031343460083 1.3101569414138794
v -1.6817231178283691 0.4016231298446655 1.333727240562439
v -1.623641014099121 0.6256545782089233 1.2825840711593628
v -1.5520062446594238 0.4959031343460083 1.3101569414138794
v -1.5883076190948486 0.5915831327438354 1.2100942134857178
v -1.5520062446594238 0.4959031343460083 1.3101569414138794
v -1.623641014099121 0.3456152677536011 1.2825840711593628
v -1.5883076190948486 0.4016231298446655 1.2100942134857178
v 1.6933403015136719 0.14958739280700684 2.1155495643615723
v 1.6933403015136719 0.020302653312683105 2.0057029724121094
v 1.588789463043213 0.5631135702133179 -2.9525208473205566
v 1.588789463043213 0.5631135702133179 -2.9525208473205566
v 1.6933403015136719 0.020302653312683105 2.0057029724121094
v 1.6933374404907227 0.3941565752029419 -3.0312366485595703
v -1.673978328704834 0.14958739280700684 2.115551471710205
v -1.5699172019958496 0.5631135702133179 -2.952518939971924
v -1.673978328704834 0.020302653312683105 2.005704402923584
v -1.673978328704834 0.020302653312683105 2.005704402923584
v -1.5699172019958496 0.5631135702133179 -2.952518939971924
v -1.6739811897277832 0.3941565752029419 -3.0312347412109375
v -1.7250635623931885 -0.9252972602844238 2.2182822227478027
v -1.7250635623931885 -0.3040764331817627 2.2182822227478027
v -1.7250638008117676 -0.3871546983718872 1.9225410223007202
v -1.7250635623931885 -0.9252972602844238 2.2182822227478027
v -1.7250635623931885 -0.38715481758117676 2.514468193054199
v -1.7250635623931885 -0.3040764331817627 2.2182822227478027
v -1.7250635623931885 -0.9252972602844238 2.2182822227478027
v -1.7250638008117676 -0.3871546983718872 1.9225410223007202
v -1.7250640392303467 -0.6144533157348633 1.7059606313705444
v -1.7250635623931885 -0.9252972602844238 2.2182822227478027
v -1.7250633239746094 -0.6144535541534424 2.731048583984375
v -1.7250635623931885 -0.38715481758117676 2.514468193054199
v -1.7250635623931885 -0.9252972602844238 2.2182822227478027
v -1.7250640392303467 -0.6144533157348633 1.7059606313705444
v -1.7250640392303467 -0.9252970218658447 1.6263550519943237
v -1.7250635623931885 -0.9252972602844238 2.2182822227478027
v -1.7250633239746094 -0.9252973794937134 2.810209274291992
v -1.7250633239746094 -0.6144535541534424 2.731048583984375
v -1.7250635623931885 -0.9252972602844238 2.2182822227478027
v -1.7250640392303467 -0.9252970218658447 1.6263550519943237
v -1.7250640392303467 -1.2356741428375244 1.7059603929519653
v -1.7250635623931885 -0.9252972602844238 2.2182822227478027
v -1.7250633239746094 -1.235674262046814 2.731048107147217
v -1.7250633239746094 -0.9252973794937134 2.810209274291992
v -1.7250635623931885 -0.9252972602844238 2.2182822227478027
v -1.7250640392303467 -1.2356741428375244 1.7059603929519653
v -1.7250638008117676 -1.4629727602005005 1.9225407838821411
v -1.7250635623931885 -0.9252972602844238 2.2182822227478027
v -1.7250635623931885 -1.4629729986190796 2.514468193054199
v -1.7250633239746094 -1.235674262046814 2.731048107147217
v -1.7250635623931885 -0.9252972602844238 2.2182822227478027
v -1.7250638008117676 -1.4629727602005005 1.9225407838821411
v -1.7250635623931885 -1.5465178489685059 2.2182822227478027
v -1.7250635623931885 -0.9252972602844238 2.2182822227478027
v -1.7250635623931885 -1.5465178489685059 2.2182822227478027
v -1.7250635623931885 -1.4629729986190796 2.514468193054199
v -1.7250661849975586 -0.9252960085868835 -2.554935932159424
v -1.7250661849975586 -0.30407512187957764 -2.554935932159424
v -1.7250664234161377 -0.3871535062789917 -2.850677013397217
v -1.7250661849975586 -0.9252960085868835 -2.554935932159424
v -1.7250661849975586 -0.38715362548828125 -2.2587499618530273
v -1.7250661849975586 -0.30407512187957764 -2.554935932159424
v -1.7250661849975586 -0.9252960085868835 -2.554935932159424
v -1.7250664234161377 -0.3871535062789917 -2.850677013397217
v -1.7250666618347168 -0.6144520044326782 -3.0672574043273926
v -1.7250661849975586 -0.9252960085868835 -2.554935932159424
v -1.7250659465789795 -0.6144523620605469 -2.0421698093414307
v -1.7250661849975586 -0.38715362548828125 -2.2587499618530273
v -1.7250661849975586 -0.9252960085868835 -2.554935932159424
v -1.7250666618347168 -0.6144520044326782 -3.0672574043273926
v -1.7250666618347168 -0.925295889377594 -3.1468629837036133
v -1.7250661849975586 -0.9252960085868835 -2.554935932159424
v -1.7250659465789795 -0.9252961277961731 -1.963008999824524
v -1.7250659465789795 -0.6144523620605469 -2.0421698093414307
v -1.7250661849975586 -0.9252960085868835 -2.554935932159424
v -1.7250666618347168 -0.925295889377594 -3.1468629837036133
v -1.7250666618347168 -1.2356728315353394 -3.0672574043273926
v -1.7250661849975586 -0.9252960085868835 -2.554935932159424
v -1.7250659465789795 -1.235673189163208 -2.0421700477600098
v -1.7250659465789795 -0.9252961277961731 -1.963008999824524
v -1.7250661849975586 -0.9252960085868835 -2.554935932159424
v -1.7250666618347168 -1.2356728315353394 -3.0672574043273926
v -1.7250664234161377 -1.462971568107605 -2.850677490234375
v -1.7250661849975586 -0.9252960085868835 -2.554935932159424
v -1.7250661849975586 -1.4629716873168945 -2.2587504386901855
v -1.7250659465789795 -1.235673189163208 -2.0421700477600098
v -1.7250661849975586 -0.9252960085868835 -2.554935932159424
v -1.7250664234161377 -1.462971568107605 -2.850677490234375
v -1.7250661849975586 -1.5465166568756104 -2.554936408996582
v -1.7250661849975586 -0.9252960085868835 -2.554935932159424
v -1.7250661849975586 -1.5465166568756104 -2.554936408996582
v -1.7250661849975586 -1.4629716873168945 -2.2587504386901855
v 1.7427597045898438 -0.9252972602844238 2.21828031539917
v 1.7427594661712646 -0.3871546983718872 1.9225393533706665
v 1.7427597045898438 -0.3040764331817627 2.218280792236328
v 1.7427597045898438 -0.9252972602844238 2.21828031539917
v 1.7427592277526855 -0.6144533157348633 1.7059589624404907
v 1.7427594661712646 -0.3871546983718872 1.9225393533706665
v 1.7427597045898438 -0.9252972602844238 2.21828031539917
v 1.7427597045898438 -0.3040764331817627 2.218280792236328
v 1.7427597045898438 -0.38715481758117676 2.5144667625427246
v 1.7427597045898438 -0.9252972602844238 2.21828031539917
v 1.7427592277526855 -0.9252970218658447 1.62635338306427
v 1.7427592277526855 -0.6144533157348633 1.7059589624404907
v 1.7427597045898438 -0.9252972602844238 2.21828031539917
v 1.7427597045898438 -0.38715481758117676 2.5144667625427246
v 1.7427599430084229 -0.6144535541534424 2.731046676635742
v 1.7427597045898438 -0.9252972602844238 2.21828031539917
v 1.7427592277526855 -1.2356741428375244 1.7059587240219116
v 1.7427592277526855 -0.9252970218658447 1.62635338306427
v 1.7427597045898438 -0.9252972602844238 2.21828031539917
v 1.7427599430084229 -0.6144535541534424 2.731046676635742
v 1.7427599430084229 -0.9252973794937134 2.8102073669433594
v 1.7427597045898438 -0.9252972602844238 2.21828031539917
v 1.7427594661712646 -1.4629727602005005 1.9225391149520874
v 1.7427592277526855 -1.2356741428375244 1.7059587240219116
v 1.7427597045898438 -0.9252972602844238 2.21828031539917
v 1.7427599430084229 -0.9252973794937134 2.8102073669433594
v 1.7427599430084229 -1.235674262046814 2.731046676635742
v 1.7427597045898438 -0.9252972602844238 2.21828031539917
v 1.7427597045898438 -1.5465178489685059 2.21828031539917
v 1.7427594661712646 -1.4629727602005005 1.9225391149520874
v 1.7427597045898438 -0.9252972602844238 2.21828031539917
v 1.7427599430084229 -1.235674262046814 2.731046676635742
v 1.7427597045898438 -1.4629729986190796 2.5144662857055664
v 1.7427597045898438 -0.9252972602844238 2.21828031539917
v 1.7427597045898438 -1.4629729986190796 2.5144662857055664
v 1.7427597045898438 -1.5465178489685059 2.21828031539917
v 1.7427570819854736 -0.9252960085868835 -2.5549378395080566
v 1.7427568435668945 -0.3871535062789917 -2.8506789207458496
v 1.7427570819854736 -0.30407512187957764 -2.5549378395080566
v 1.7427570819854736 -0.9252960085868835 -2.5549378395080566
v 1.7427566051483154 -0.6144520044326782 -3.0672593116760254
v 1.7427568435668945 -0.3871535062789917 -2.8506789207458496
v 1.7427570819854736 -0.9252960085868835 -2.5549378395080566
v 1.7427570819854736 -0.30407512187957764 -2.5549378395080566
v 1.7427570819854736 -0.38715362548828125 -2.25875186920166
v 1.7427570819854736 -0.9252960085868835 -2.5549378395080566
v 1.7427566051483154 -0.925295889377594 -3.146864891052246
v 1.7427566051483154 -0.6144520044326782 -3.0672593116760254
v 1.7427570819854736 -0.9252960085868835 -2.5549378395080566
v 1.7427570819854736 -0.38715362548828125 -2.25875186920166
v 1.7427573204040527 -0.6144523620605469 -2.0421714782714844
v 1.7427570819854736 -0.9252960085868835 -2.5549378395080566
v 1.7427566051483154 -1.2356728315353394 -3.0672593116760254
v 1.7427566051483154 -0.925295889377594 -3.146864891052246
v 1.7427570819854736 -0.9252960085868835 -2.5549378395080566
v 1.7427573204040527 -0.6144523620605469 -2.0421714782714844
v 1.7427573204040527 -0.9252961277961731 -1.9630106687545776
v 1.7427570819854736 -0.9252960085868835 -2.5549378395080566
v 1.7427568435668945 -1.462971568107605 -2.8506789207458496
v 1.7427566051483154 -1.2356728315353394 -3.0672593116760254
v 1.7427570819854736 -0.9252960085868835 -2.5549378395080566
v 1.7427573204040527 -0.9252961277961731 -1.9630106687545776
v 1.7427573204040527 -1.235673189163208 -2.0421714782714844
v 1.7427570819854736 -0.9252960085868835 -2.5549378395080566
v 1.7427570819854736 -1.5465166568756104 -2.5549378395080566
v 1.7427568435668945 -1.462971568107605 -2.8506789207458496
v 1.7427570819854736 -0.9252960085868835 -2.5549378395080566
v 1.7427573204040527 -1.235673189163208 -2.0421714782714844
v 1.7427570819854736 -1.4629716873168945 -2.2587521076202393
v 1.7427570819854736 -0.9252960085868835 -2.5549378395080566
v 1.7427570819854736 -1.4629716873168945 -2.2587521076202393
v 1.7427570819854736 -1.5465166568756104 -2.5549378395080566
v 1.5883076190948486 0.4016231298446655 1.2100924253463745
v 1.623641014099121 0.3456152677536011 1.2825822830200195
v 1.5515222549438477 0.4959031343460083 1.3101552724838257
v 1.623641014099121 0.3456152677536011 1.2825822830200195
v 1.681239366531372 0.4016231298446655 1.3337254524230957
v 1.5515222549438477 0.4959031343460083 1.3101552724838257
v 1.623641014099121 0.3456152677536011 1.2825822830200195
v 1.7606184482574463 0.3456152677536011 1.2154289484024048
v 1.681239366531372 0.4016231298446655 1.3337254524230957
v 1.5515222549438477 0.4959031343460083 1.3101552724838257
v 1.681239366531372 0.4016231298446655 1.3337254524230957
v 1.681239366531372 0.5915831327438354 1.3337255716323853
v 1.5515222549438477 0.4959031343460083 1.3101552724838257
v 1.681239366531372 0.5915831327438354 1.3337255716323853
v 1.623641014099121 0.6256545782089233 1.282582402229309
v 1.623641014099121 0.6256545782089233 1.282582402229309
v 1.5883076190948486 0.5915831327438354 1.2100924253463745
v 1.5515222549438477 0.4959031343460083 1.3101552724838257
v 1.681239366531372 0.5915831327438354 1.3337255716323853
v 1.8341891765594482 0.5915831327438354 1.2505621910095215
v 1.623641014099121 0.6256545782089233 1.282582402229309
v 1.681239366531372 0.4016231298446655 1.3337254524230957
v 1.8341891765594482 0.5915831327438354 1.2505621910095215
v 1.681239366531372 0.5915831327438354 1.3337255716323853
v 1.8341891765594482 0.5915831327438354 1.2505621910095215
v 1.7606184482574463 0.6256545782089233 1.2154290676116943
v 1.623641014099121 0.6256545782089233 1.282582402229309
v 1.681239366531372 0.4016231298446655 1.3337254524230957
v 1.7606184482574463 0.3456152677536011 1.2154289484024048
v 1.8341891765594482 0.4016231298446655 1.250562071800232
v 1.8341891765594482 0.4016231298446655 1.250562071800232
v 1.8341891765594482 0.5915831327438354 1.2505621910095215
v 1.681239366531372 0.4016231298446655 1.3337254524230957
v 1.8288650512695312 0.6256545782089233 1.1464968919754028
v 1.7606184482574463 0.6256545782089233 1.2154290676116943
v 1.8341891765594482 0.5915831327438354 1.2505621910095215
v 1.7606184482574463 0.3456152677536011 1.2154289484024048
v 1.9024360179901123 0.4016231298446655 1.1816298961639404
v 1.8341891765594482 0.4016231298446655 1.250562071800232
v 1.9024360179901123 0.4016231298446655 1.1816298961639404
v 1.8341891765594482 0.5915831327438354 1.2505621910095215
v 1.8341891765594482 0.4016231298446655 1.250562071800232
v 1.8288650512695312 0.3456152677536011 1.1464967727661133
v 1.9024360179901123 0.4016231298446655 1.1816298961639404
v 1.7606184482574463 0.3456152677536011 1.2154289484024048
v 1.9024360179901123 0.5915831327438354 1.18163001537323
v 1.8288650512695312 0.6256545782089233 1.1464968919754028
v 1.8341891765594482 0.5915831327438354 1.2505621910095215
v 1.8341891765594482 0.5915831327438354 1.2505621910095215
v 1.9024360179901123 0.4016231298446655 1.1816298961639404
v 1.9024360179901123 0.5915831327438354 1.18163001537323
v 1.458104133605957 -0.3297452926635742 -3.3287572860717773
v 1.6410632133483887 -0.627987265586853 -3.263382911682129
v 1.4058301448822021 -0.6317211389541626 -3.318528175354004
v 1.4058301448822021 -0.6317211389541626 -3.318528175354004
v 1.6410632133483887 -0.627987265586853 -3.263382911682129
v 1.3017661571502686 -0.9430315494537354 -3.2691636085510254
v 1.6933374404907227 -0.472098708152771 -3.2420358657836914
v 1.6410632133483887 -0.627987265586853 -3.263382911682129
v 1.458104133605957 -0.3297452926635742 -3.3287572860717773
v 1.458104133605957 -0.19579315185546875 -3.2691636085510254
v 1.6933374404907227 -0.472098708152771 -3.2420358657836914
v 1.458104133605957 -0.3297452926635742 -3.3287572860717773
v 1.6410632133483887 -0.627987265586853 -3.263382911682129
v 1.6933374404907227 -0.472098708152771 -3.2420358657836914
v 1.7630360126495361 -0.5850478410720825 -3.209571361541748
v 1.6933374404907227 -0.2490006685256958 -3.1272969245910645
v 1.6933374404907227 -0.472098708152771 -3.2420358657836914
v 1.458104133605957 -0.19579315185546875 -3.2691636085510254
v 1.6933374404907227 -0.472098708152771 -3.2420358657836914
v 1.6933374404907227 -0.2490006685256958 -3.1272969245910645
v 1.7630360126495361 -0.5850478410720825 -3.209571361541748
v 1.6602320671081543 -0.9504992961883545 -3.209571361541748
v 1.6410632133483887 -0.627987265586853 -3.263382911682129
v 1.7630360126495361 -0.5850478410720825 -3.209571361541748
v 1.4581043720245361 -0.07210910320281982 -3.153980255126953
v 1.6933374404907227 -0.2490006685256958 -3.1272969245910645
v 1.458104133605957 -0.19579315185546875 -3.2691636085510254
v 1.7630360126495361 -0.5850478410720825 -3.209571361541748
v 1.6933374404907227 -0.2490006685256958 -3.1272969245910645
v 1.8153102397918701 -0.3264782428741455 -3.031682014465332
v 1.6410632133483887 -0.627987265586853 -3.263382911682129
v 1.639005184173584 -0.9430315494537354 -3.2313623428344727
v 1.3017661571502686 -0.9430315494537354 -3.2691636085510254
v 1.6602320671081543 -0.9504992961883545 -3.209571361541748
v 1.639005184173584 -0.9430315494537354 -3.2313623428344727
v 1.6410632133483887 -0.627987265586853 -3.263382911682129
v 1.3017661571502686 -0.9430315494537354 -3.2691636085510254
v 1.639005184173584 -0.9430315494537354 -3.2313623428344727
v 0.009436042979359627 -0.9635677933692932 -3.2882862091064453
v 1.639005184173584 -0.9430315494537354 -3.2313623428344727
v 0.009436063468456268 -0.9617008566856384 -3.238921642303467
v 0.009436042979359627 -0.9635677933692932 -3.2882862091064453
v 1.6602320671081543 -0.9504992961883545 -3.209571361541748
v 0.009436063468456268 -0.9617008566856384 -3.238921642303467
v 1.639005184173584 -0.9430315494537354 -3.2313623428344727
v 1.6602320671081543 -0.9504992961883545 -3.209571361541748
v 0.009436216205358505 -0.9775698184967041 -2.969419479370117
v 0.009436063468456268 -0.9617008566856384 -3.238921642303467
v 1.6933374404907227 -0.023102164268493652 -3.014781951904297
v 1.6933374404907227 -0.2490006685256958 -3.1272969245910645
v 1.4581043720245361 -0.07210910320281982 -3.153980255126953
v 1.6933374404907227 -0.2490006685256958 -3.1272969245910645
v 1.6933376789093018 -0.019368410110473633 -2.6750130653381348
v 1.8153102397918701 -0.3264782428741455 -3.031682014465332
v 1.6933374404907227 -0.023102164268493652 -3.014781951904297
v 1.6933376789093018 -0.019368410110473633 -2.6750130653381348
v 1.6933374404907227 -0.2490006685256958 -3.1272969245910645
v 1.8153102397918701 -0.3264782428741455 -3.031682014465332
v 1.6933376789093018 -0.019368410110473633 -2.6750130653381348
v 1.8153104782104492 -0.1934596300125122 -2.6407694816589355
v 1.6933374404907227 0.3941565752029419 -3.0312366485595703
v 1.6933374404907227 -0.023102164268493652 -3.014781951904297
v 1.4581043720245361 -0.07210910320281982 -3.153980255126953
v 1.6933376789093018 -0.019368410110473633 -2.6750130653381348
v 1.6933374404907227 -0.023102164268493652 -3.014781951904297
v 1.6933374404907227 0.3941565752029419 -3.0312366485595703
v 1.6933374404907227 0.3941565752029419 -3.0312366485595703
v 1.4581043720245361 -0.07210910320281982 -3.153980255126953
v 1.4581043720245361 0.37408697605133057 -3.146864414215088
v 1.6933376789093018 -0.019368410110473633 -2.6750130653381348
v 1.6933379173278809 -0.3460812568664551 -2.204495429992676
v 1.8153104782104492 -0.1934596300125122 -2.6407694816589355
v 1.3540403842926025 0.5710481405258179 -3.0534725189208984
v 1.6933374404907227 0.3941565752029419 -3.0312366485595703
v 1.4581043720245361 0.37408697605133057 -3.146864414215088
v 1.588789463043213 0.5631135702133179 -2.9525208473205566
v 1.6933374404907227 0.3941565752029419 -3.0312366485595703
v 1.3540403842926025 0.5710481405258179 -3.0534725189208984
v 0.9794099926948547 1.2795475721359253 -2.6598916053771973
v 1.588789463043213 0.5631135702133179 -2.9525208473205566
v 1.3540403842926025 0.5710481405258179 -3.0534725189208984
v 1.2146432399749756 1.2165387868881226 -2.5767288208007812
v 1.588789463043213 0.5631135702133179 -2.9525208473205566
v 0.9794099926948547 1.2795475721359253 -2.6598916053771973
v 1.2146432399749756 1.2165387868881226 -2.5767288208007812
v 0.9794099926948547 1.2795475721359253 -2.6598916053771973
v 1.083958625793457 1.4793087244033813 -1.5098366737365723
v 1.588789463043213 0.5631135702133179 -2.9525208473205566
v 1.2146432399749756 1.2165387868881226 -2.5767288208007812
v 1.4842438697814941 0.6153863668441772 1.5867732763290405
v 1.4842438697814941 0.6153863668441772 1.5867732763290405
v 1.2146432399749756 1.2165387868881226 -2.5767288208007812
v 1.083958625793457 1.4793087244033813 -1.5098366737365723
v 1.4842438697814941 0.6153863668441772 1.5867732763290405
v 1.083958625793457 1.4793087244033813 -1.5098366737365723
v 1.0839598178863525 1.3490899801254272 0.3851306438446045
v 1.0839598178863525 1.3490899801254272 0.3851306438446045
v 1.083958625793457 1.4793087244033813 -1.5098366737365723
v 1.0839593410491943 1.4961107969284058 -0.5020929574966431
v 1.5278058052062988 0.47816717624664307 1.842044711112976
v 1.588789463043213 0.5631135702133179 -2.9525208473205566
v 1.4842438697814941 0.6153863668441772 1.5867732763290405
v 1.6933403015136719 0.14958739280700684 2.1155495643615723
v 1.588789463043213 0.5631135702133179 -2.9525208473205566
v 1.5278058052062988 0.47816717624664307 1.842044711112976
v 1.5713679790496826 0.23966658115386963 2.766624927520752
v 1.6933403015136719 0.14958739280700684 2.1155495643615723
v 1.5278058052062988 0.47816717624664307 1.842044711112976
v 1.69334077835083 0.09918010234832764 2.824883460998535
v 1.6933403015136719 0.14958739280700684 2.1155495643615723
v 1.5713679790496826 0.23966658115386963 2.766624927520752
v 1.5713682174682617 0.07024276256561279 3.002328395843506
v 1.69334077835083 0.09918010234832764 2.824883460998535
v 1.5713679790496826 0.23966658115386963 2.766624927520752
v 1.2233588695526123 -0.23873412609100342 3.222911834716797
v 1.69334077835083 0.09918010234832764 2.824883460998535
v 1.5713682174682617 0.07024276256561279 3.002328395843506
v 1.6933403015136719 0.020302653312683105 2.0057029724121094
v 1.6933403015136719 0.14958739280700684 2.1155495643615723
v 1.69334077835083 0.09918010234832764 2.824883460998535
v 1.69334077835083 -0.23453354835510254 2.973421096801758
v 1.69334077835083 0.09918010234832764 2.824883460998535
v 1.2233588695526123 -0.23873412609100342 3.222911834716797
v 1.69334077835083 0.09918010234832764 2.824883460998535
v 1.8153131008148193 -0.1929941177368164 2.321011543273926
v 1.6933403015136719 0.020302653312683105 2.0057029724121094
v 1.8153135776519775 -0.3348808288574219 2.766624927520752
v 1.8153131008148193 -0.1929941177368164 2.321011543273926
v 1.69334077835083 0.09918010234832764 2.824883460998535
v 1.69334077835083 -0.23453354835510254 2.973421096801758
v 1.8153135776519775 -0.3348808288574219 2.766624927520752
v 1.69334077835083 0.09918010234832764 2.824883460998535
v 1.8153131008148193 -0.1929941177368164 2.321011543273926
v 1.8153131008148193 -0.30220937728881836 1.9154237508773804
v 1.6933403015136719 0.020302653312683105 2.0057029724121094
v 1.2233588695526123 -0.23873412609100342 3.222911834716797
v 1.6933410167694092 -0.4291609525680542 3.1401920318603516
v 1.69334077835083 -0.23453354835510254 2.973421096801758
v 1.6933410167694092 -0.4291609525680542 3.1401920318603516
v 1.8153135776519775 -0.3348808288574219 2.766624927520752
v 1.69334077835083 -0.23453354835510254 2.973421096801758
v 1.2233588695526123 -0.39835667610168457 3.290954113006592
v 1.6933410167694092 -0.4291609525680542 3.1401920318603516
v 1.2233588695526123 -0.23873412609100342 3.222911834716797
v 1.7630395889282227 -0.7549400329589844 2.9792022705078125
v 1.8153135776519775 -0.3348808288574219 2.766624927520752
v 1.6933410167694092 -0.4291609525680542 3.1401920318603516
v 1.1710848808288574 -0.7110673189163208 3.265160083770752
v 1.6933410167694092 -0.4291609525680542 3.1401920318603516
v 1.2233588695526123 -0.39835667610168457 3.290954113006592
v 1.6410667896270752 -0.7274028062820435 3.1539788246154785
v 1.7630395889282227 -0.7549400329589844 2.9792022705078125
v 1.6933410167694092 -0.4291609525680542 3.1401920318603516
v 1.6410667896270752 -0.7274028062820435 3.1539788246154785
v 1.6933410167694092 -0.4291609525680542 3.1401920318603516
v 1.1710848808288574 -0.7110673189163208 3.265160083770752
v 1.2233588695526123 -0.9887730479240417 3.279391288757324
v 1.6410667896270752 -0.7274028062820435 3.1539788246154785
v 1.1710848808288574 -0.7110673189163208 3.265160083770752
v 1.6584913730621338 -1.1656644344329834 2.959634780883789
v 1.7630395889282227 -0.7549400329589844 2.9792022705078125
v 1.6410667896270752 -0.7274028062820435 3.1539788246154785
v 1.4232583045959473 -1.109656572341919 3.132632255554199
v 1.6410667896270752 -0.7274028062820435 3.1539788246154785
v 1.2233588695526123 -0.9887730479240417 3.279391288757324
v 1.4232583045959473 -1.109656572341919 3.132632255554199
v 1.6584913730621338 -1.1656644344329834 2.959634780883789
v 1.6410667896270752 -0.7274028062820435 3.1539788246154785
v 0.009439341723918915 -1.1992690563201904 2.696803569793701
v 1.6584913730621338 -1.1656644344329834 2.959634780883789
v 1.4232583045959473 -1.109656572341919 3.132632255554199
v 0.009439609944820404 -1.1353269815444946 3.1357460021972656
v 0.009439341723918915 -1.1992690563201904 2.696803569793701
v 1.4232583045959473 -1.109656572341919 3.132632255554199
v 1.6933403015136719 0.020302653312683105 2.0057029724121094
v 1.8153131008148193 -0.30220937728881836 1.9154237508773804
v 1.6933403015136719 -0.20932960510253906 1.776225209236145
v 1.6933403015136719 -0.20932960510253906 1.776225209236145
v 1.6933374404907227 0.3941565752029419 -3.0312366485595703
v 1.6933403015136719 0.020302653312683105 2.0057029724121094
v 1.8153131008148193 -0.30220937728881836 1.9154237508773804
v 1.7630388736724854 -0.6349895000457764 1.6081196069717407
v 1.6933403015136719 -0.20932960510253906 1.776225209236145
v 1.6933403015136719 -0.20932960510253906 1.776225209236145
v 1.6933376789093018 -0.019368410110473633 -2.6750130653381348
v 1.6933374404907227 0.3941565752029419 -3.0312366485595703
v 1.6933403015136719 -0.20932960510253906 1.776225209236145
v 1.7630388736724854 -0.6349895000457764 1.6081196069717407
v 1.6410658359527588 -0.6373231410980225 1.4609163999557495
v 1.6410658359527588 -0.6373231410980225 1.4609163999557495
v 1.6933376789093018 -0.019368410110473633 -2.6750130653381348
v 1.6933403015136719 -0.20932960510253906 1.776225209236145
v 1.7630388736724854 -0.6349895000457764 1.6081196069717407
v 1.6584904193878174 -1.100321650505066 1.4907127618789673
v 1.6410658359527588 -0.6373231410980225 1.4609163999557495
v 1.6933379173278809 -0.3460812568664551 -2.204495429992676
v 1.6933376789093018 -0.019368410110473633 -2.6750130653381348
v 1.6410658359527588 -0.6373231410980225 1.4609163999557495
v 1.6410658359527588 -0.6373231410980225 1.4609163999557495
v 1.6584904193878174 -1.100321650505066 1.4907127618789673
v 1.536517858505249 -1.1157238483428955 1.3684138059616089
v 1.6410658359527588 -0.6373231410980225 1.4609163999557495
v 1.536517858505249 -1.1157238483428955 1.3684138059616089
v 1.6933379173278809 -0.3460812568664551 -2.204495429992676
v 1.6933379173278809 -0.3460812568664551 -2.204495429992676
v 1.536517858505249 -1.1157238483428955 1.3684138059616089
v 1.641063928604126 -0.6895962953567505 -1.9532266855239868
v 1.536517858505249 -1.1157238483428955 1.3684138059616089
v 1.5365159511566162 -1.1194567680358887 -1.8900761604309082
v 1.641063928604126 -0.6895962953567505 -1.9532266855239868
v 0.009436042979359627 -0.9635677933692932 -3.2882862091064453
v 0.009436063468456268 -0.9617008566856384 -3.238921642303467
v -1.6270289421081543 -0.9430315494537354 -3.23136043548584
v -1.6270289421081543 -0.9430315494537354 -3.23136043548584
v -1.2799630165100098 -0.9430315494537354 -3.269162178039551
v 0.009436042979359627 -0.9635677933692932 -3.2882862091064453
v 0.009436063468456268 -0.9617008566856384 -3.238921642303467
v -1.6555109024047852 -0.9504992961883545 -3.209568977355957
v -1.6270289421081543 -0.9430315494537354 -3.23136043548584
v -1.6555109024047852 -0.9504992961883545 -3.209568977355957
v 0.009436063468456268 -0.9617008566856384 -3.238921642303467
v 0.009436216205358505 -0.9775698184967041 -2.969419479370117
v -1.6221911907196045 -0.627987265586853 -3.263380527496338
v -1.2799630165100098 -0.9430315494537354 -3.269162178039551
v -1.6270289421081543 -0.9430315494537354 -3.23136043548584
v -1.6270289421081543 -0.9430315494537354 -3.23136043548584
v -1.6555109024047852 -0.9504992961883545 -3.209568977355957
v -1.6221911907196045 -0.627987265586853 -3.263380527496338
v -1.6221911907196045 -0.627987265586853 -3.263380527496338
v -1.386958122253418 -0.6317211389541626 -3.318526268005371
v -1.2799630165100098 -0.9430315494537354 -3.269162178039551
v -1.6555109024047852 -0.9504992961883545 -3.209568977355957
v -1.7422771453857422 -0.5850478410720825 -3.209568977355957
v -1.6221911907196045 -0.627987265586853 -3.263380527496338
v -1.6221911907196045 -0.627987265586853 -3.263380527496338
v -1.4392321109771729 -0.3297452926635742 -3.3287553787231445
v -1.386958122253418 -0.6317211389541626 -3.318526268005371
v -1.6221911907196045 -0.627987265586853 -3.263380527496338
v -1.6739811897277832 -0.472098708152771 -3.2420339584350586
v -1.4392321109771729 -0.3297452926635742 -3.3287553787231445
v -1.6221911907196045 -0.627987265586853 -3.263380527496338
v -1.7422771453857422 -0.5850478410720825 -3.209568977355957
v -1.6739811897277832 -0.472098708152771 -3.2420339584350586
v -1.4392321109771729 -0.19579315185546875 -3.2691617012023926
v -1.4392321109771729 -0.3297452926635742 -3.3287553787231445
v -1.6739811897277832 -0.472098708152771 -3.2420339584350586
v -1.7422771453857422 -0.5850478410720825 -3.209568977355957
v -1.6739811897277832 -0.2490006685256958 -3.1272950172424316
v -1.6739811897277832 -0.472098708152771 -3.2420339584350586
v -1.6739811897277832 -0.472098708152771 -3.2420339584350586
v -1.6739811897277832 -0.2490006685256958 -3.1272950172424316
v -1.4392321109771729 -0.19579315185546875 -3.2691617012023926
v -1.6739811897277832 -0.2490006685256958 -3.1272950172424316
v -1.7422771453857422 -0.5850478410720825 -3.209568977355957
v -1.7959539890289307 -0.3264782428741455 -3.031679630279541
v -1.6739811897277832 -0.2490006685256958 -3.1272950172424316
v -1.4392321109771729 -0.07210910320281982 -3.1539783477783203
v -1.4392321109771729 -0.19579315185546875 -3.2691617012023926
v -1.6739811897277832 -0.2490006685256958 -3.1272950172424316
v -1.6739811897277832 -0.023102164268493652 -3.014779567718506
v -1.4392321109771729 -0.07210910320281982 -3.1539783477783203
v -1.673980951309204 -0.019368410110473633 -2.675011157989502
v -1.6739811897277832 -0.2490006685256958 -3.1272950172424316
v -1.7959539890289307 -0.3264782428741455 -3.031679630279541
v -1.673980951309204 -0.019368410110473633 -2.675011157989502
v -1.6739811897277832 -0.023102164268493652 -3.014779567718506
v -1.6739811897277832 -0.2490006685256958 -3.1272950172424316
v -1.673980951309204 -0.019368410110473633 -2.675011157989502
v -1.7959539890289307 -0.3264782428741455 -3.031679630279541
v -1.7944269180297852 -0.1934596300125122 -2.6407675743103027
v -1.4392321109771729 -0.07210910320281982 -3.1539783477783203
v -1.6739811897277832 -0.023102164268493652 -3.014779567718506
v -1.6739811897277832 0.3941565752029419 -3.0312347412109375
v -1.673980951309204 -0.019368410110473633 -2.675011157989502
v -1.6739811897277832 0.3941565752029419 -3.0312347412109375
v -1.6739811897277832 -0.023102164268493652 -3.014779567718506
v -1.4392321109771729 -0.07210910320281982 -3.1539783477783203
v -1.6739811897277832 0.3941565752029419 -3.0312347412109375
v -1.4392318725585938 0.37408697605133057 -3.1468629837036133
v -1.673980951309204 -0.019368410110473633 -2.675011157989502
v -1.7944269180297852 -0.1934596300125122 -2.6407675743103027
v -1.6649177074432373 -0.3460812568664551 -2.204493761062622
v -1.4392318725585938 0.37408697605133057 -3.1468629837036133
v -1.6739811897277832 0.3941565752029419 -3.0312347412109375
v -1.334683895111084 0.5710481405258179 -3.053471088409424
v -1.6739811897277832 0.3941565752029419 -3.0312347412109375
v -1.5699172019958496 0.5631135702133179 -2.952518939971924
v -1.334683895111084 0.5710481405258179 -3.053471088409424
v -1.334683895111084 0.5710481405258179 -3.053471088409424
v -1.5699172019958496 0.5631135702133179 -2.952518939971924
v -0.9605373740196228 1.2795475721359253 -2.659890651702881
v -1.5699172019958496 0.5631135702133179 -2.952518939971924
v -1.195770263671875 1.2165387868881226 -2.5767273902893066
v -0.9605373740196228 1.2795475721359253 -2.659890651702881
v -0.9605373740196228 1.2795475721359253 -2.659890651702881
v -1.195770263671875 1.2165387868881226 -2.5767273902893066
v -1.06508469581604 1.4793087244033813 -1.5098354816436768
v -1.195770263671875 1.2165387868881226 -2.5767273902893066
v -1.5699172019958496 0.5631135702133179 -2.952518939971924
v -1.4653663635253906 0.6153863668441772 1.5867749452590942
v -1.06508469581604 1.4793087244033813 -1.5098354816436768
v -1.195770263671875 1.2165387868881226 -2.5767273902893066
v -1.4653663635253906 0.6153863668441772 1.5867749452590942
v -1.4653663635253906 0.6153863668441772 1.5867749452590942
v -1.0650837421417236 1.3490899801254272 0.3851318359375
v -1.06508469581604 1.4793087244033813 -1.5098354816436768
v -1.06508469581604 1.4793087244033813 -1.5098354816436768
v -1.0650837421417236 1.3490899801254272 0.3851318359375
v -1.0650842189788818 1.4961107969284058 -0.5020917654037476
v -1.4653663635253906 0.6153863668441772 1.5867749452590942
v -1.5699172019958496 0.5631135702133179 -2.952518939971924
v -1.5089280605316162 0.47816717624664307 1.8420463800430298
v -1.5699172019958496 0.5631135702133179 -2.952518939971924
v -1.673978328704834 0.14958739280700684 2.115551471710205
v -1.5089280605316162 0.47816717624664307 1.8420463800430298
v -1.5089280605316162 0.47816717624664307 1.8420463800430298
v -1.673978328704834 0.14958739280700684 2.115551471710205
v -1.5524892807006836 0.23966658115386963 2.7666263580322266
v -1.673978328704834 0.14958739280700684 2.115551471710205
v -1.6739778518676758 0.09918010234832764 2.824885368347168
v -1.5524892807006836 0.23966658115386963 2.7666263580322266
v -1.5524892807006836 0.23966658115386963 2.7666263580322266
v -1.6739778518676758 0.09918010234832764 2.824885368347168
v -1.5524890422821045 0.07024276256561279 3.0023303031921387
v -1.6739778518676758 0.09918010234832764 2.824885368347168
v -1.204479455947876 -0.23873412609100342 3.2229127883911133
v -1.5524890422821045 0.07024276256561279 3.0023303031921387
v -1.673978328704834 0.14958739280700684 2.115551471710205
v -1.673978328704834 0.020302653312683105 2.005704402923584
v -1.6739778518676758 0.09918010234832764 2.824885368347168
v -1.6739778518676758 0.09918010234832764 2.824885368347168
v -1.6739776134490967 -0.23453354835510254 2.9734230041503906
v -1.204479455947876 -0.23873412609100342 3.2229127883911133
v -1.6739778518676758 0.09918010234832764 2.824885368347168
v -1.673978328704834 0.020302653312683105 2.005704402923584
v -1.7955505847930908 -0.1929941177368164 2.3210134506225586
v -1.7959506511688232 -0.3348808288574219 2.7666263580322266
v -1.6739778518676758 0.09918010234832764 2.824885368347168
v -1.7955505847930908 -0.1929941177368164 2.3210134506225586
v -1.6739776134490967 -0.23453354835510254 2.9734230041503906
v -1.6739778518676758 0.09918010234832764 2.824885368347168
v -1.7959506511688232 -0.3348808288574219 2.7666263580322266
v -1.7955505847930908 -0.1929941177368164 2.3210134506225586
v -1.673978328704834 0.020302653312683105 2.005704402923584
v -1.7826197147369385 -0.30220937728881836 1.9154256582260132
v -1.204479455947876 -0.23873412609100342 3.2229127883911133
v -1.6739776134490967 -0.23453354835510254 2.9734230041503906
v -1.6739776134490967 -0.4291609525680542 3.1401939392089844
v -1.6739776134490967 -0.4291609525680542 3.1401939392089844
v -1.6739776134490967 -0.23453354835510254 2.9734230041503906
v -1.7959506511688232 -0.3348808288574219 2.7666263580322266
v -1.6739776134490967 -0.4291609525680542 3.1401939392089844
v -1.204479455947876 -0.39835667610168457 3.290955066680908
v -1.204479455947876 -0.23873412609100342 3.2229127883911133
v -1.6739776134490967 -0.4291609525680542 3.1401939392089844
v -1.7959506511688232 -0.3348808288574219 2.7666263580322266
v -1.7436764240264893 -0.7549400329589844 2.9792046546936035
v -1.152205228805542 -0.7110673189163208 3.2651610374450684
v -1.204479455947876 -0.39835667610168457 3.290955066680908
v -1.6739776134490967 -0.4291609525680542 3.1401939392089844
v -1.673978328704834 0.020302653312683105 2.005704402923584
v -1.673978328704834 -0.20932960510253906 1.7762268781661987
v -1.7826197147369385 -0.30220937728881836 1.9154256582260132
v -1.6739811897277832 0.3941565752029419 -3.0312347412109375
v -1.673978328704834 -0.20932960510253906 1.7762268781661987
v -1.673978328704834 0.020302653312683105 2.005704402923584
v -1.7826197147369385 -0.30220937728881836 1.9154256582260132
v -1.673978328704834 -0.20932960510253906 1.7762268781661987
v -1.7324697971343994 -0.6349895000457764 1.6081215143203735
v -1.673980951309204 -0.019368410110473633 -2.675011157989502
v -1.673978328704834 -0.20932960510253906 1.7762268781661987
v -1.6739811897277832 0.3941565752029419 -3.0312347412109375
v -1.622187614440918 -0.7274028062820435 3.1539807319641113
v -1.152205228805542 -0.7110673189163208 3.2651610374450684
v -1.6739776134490967 -0.4291609525680542 3.1401939392089844
v -1.622187614440918 -0.7274028062820435 3.1539807319641113
v -1.6739776134490967 -0.4291609525680542 3.1401939392089844
v -1.7436764240264893 -0.7549400329589844 2.9792046546936035
v -1.622187614440918 -0.7274028062820435 3.1539807319641113
v -1.204479455947876 -0.9887730479240417 3.2793922424316406
v -1.152205228805542 -0.7110673189163208 3.2651610374450684
v -1.622187614440918 -0.7274028062820435 3.1539807319641113
v -1.7436764240264893 -0.7549400329589844 2.9792046546936035
v -1.6396124362945557 -1.1656644344329834 2.959636688232422
v -1.622187614440918 -0.7274028062820435 3.1539807319641113
v -1.40437912940979 -1.109656572341919 3.132633686065674
v -1.204479455947876 -0.9887730479240417 3.2793922424316406
v -1.622187614440918 -0.7274028062820435 3.1539807319641113
v -1.6396124362945557 -1.1656644344329834 2.959636688232422
v -1.40437912940979 -1.109656572341919 3.132633686065674
v -1.40437912940979 -1.109656572341919 3.132633686065674
v -1.6396124362945557 -1.1656644344329834 2.959636688232422
v 0.009439341723918915 -1.1992690563201904 2.696803569793701
v -1.40437912940979 -1.109656572341919 3.132633686065674
v 0.009439341723918915 -1.1992690563201904 2.696803569793701
v 0.009439609944820404 -1.1353269815444946 3.1357460021972656
v -1.673980951309204 -0.019368410110473633 -2.675011157989502
v -1.6221885681152344 -0.6373231410980225 1.4609179496765137
v -1.673978328704834 -0.20932960510253906 1.7762268781661987
v -1.673978328704834 -0.20932960510253906 1.7762268781661987
v -1.6221885681152344 -0.6373231410980225 1.4609179496765137
v -1.7324697971343994 -0.6349895000457764 1.6081215143203735
v -1.7324697971343994 -0.6349895000457764 1.6081215143203735
v -1.6221885681152344 -0.6373231410980225 1.4609179496765137
v -1.639613389968872 -1.100321650505066 1.490714430809021
v -1.673980951309204 -0.019368410110473633 -2.675011157989502
v -1.6649177074432373 -0.3460812568664551 -2.204493761062622
v -1.6221885681152344 -0.6373231410980225 1.4609179496765137
v -1.6221885681152344 -0.6373231410980225 1.4609179496765137
v -1.5176405906677246 -1.1157238483428955 1.368415355682373
v -1.639613389968872 -1.100321650505066 1.490714430809021
v -1.5176405906677246 -1.1157238483428955 1.368415355682373
v -1.6221885681152344 -0.6373231410980225 1.4609179496765137
v -1.6649177074432373 -0.3460812568664551 -2.204493761062622
v -1.6270155906677246 -0.6895962953567505 -1.953225016593933
v -1.5176405906677246 -1.1157238483428955 1.368415355682373
v -1.6649177074432373 -0.3460812568664551 -2.204493761062622
v -1.5176424980163574 -1.1194567680358887 -1.890074610710144
v -1.5176405906677246 -1.1157238483428955 1.368415355682373
v -1.6270155906677246 -0.6895962953567505 -1.953225016593933
v -1.1284894943237305 0.4720996618270874 1.222546100616455
v -1.6807551383972168 0.4777005910873413 1.2225464582443237
v -1.1284894943237305 0.45669758319854736 1.313269853591919
v -1.6807551383972168 0.4777005910873413 1.2225464582443237
v -1.6807551383972168 0.46136486530303955 1.313270092010498
v -1.1284894943237305 0.45669758319854736 1.313269853591919
v -1.1284894943237305 0.45669758319854736 1.313269853591919
v -1.6807551383972168 0.46136486530303955 1.313270092010498
v -1.1284894943237305 0.3815535306930542 1.2843626737594604
v -1.6807551383972168 0.46136486530303955 1.313270092010498
v -1.6807551383972168 0.37781965732574463 1.284363031387329
v -1.1284894943237305 0.3815535306930542 1.2843626737594604
v 1.6807551383972168 0.37781989574432373 1.222544550895691
v 1.6807551383972168 0.37781965732574463 1.2843612432479858
v 1.1284899711608887 0.3815535306930542 1.2225449085235596
v 1.6807551383972168 0.37781965732574463 1.2843612432479858
v 1.680755376815796 0.46136486530303955 1.3132683038711548
v 1.1284899711608887 0.3815535306930542 1.284361481666565
v 1.1284899711608887 0.3815535306930542 1.284361481666565
v 1.680755376815796 0.46136486530303955 1.3132683038711548
v 1.1284899711608887 0.45669758319854736 1.3132685422897339
v 1.680755376815796 0.46136486530303955 1.3132683038711548
v 1.6807551383972168 0.4777005910873413 1.2225446701049805
v 1.1284899711608887 0.45669758319854736 1.3132685422897339
v 1.1284899711608887 0.45669758319854736 1.3132685422897339
v 1.6807551383972168 0.4777005910873413 1.2225446701049805
v 1.1284899711608887 0.4720996618270874 1.2225449085235596
v 1.7427594661712646 -0.3871546983718872 1.9225393533706665
v 1.3303756713867188 -0.3040764331817627 2.218280792236328
v 1.7427597045898438 -0.3040764331817627 2.218280792236328
v 1.7427594661712646 -0.3871546983718872 1.9225393533706665
v 1.3303754329681396 -0.3871546983718872 1.9225395917892456
v 1.3303756713867188 -0.3040764331817627 2.218280792236328
v 1.7427594661712646 -0.3871546983718872 1.9225393533706665
v 1.3303751945495605 -0.6144533157348633 1.7059592008590698
v 1.3303754329681396 -0.3871546983718872 1.9225395917892456
v 1.7427594661712646 -0.3871546983718872 1.9225393533706665
v 1.7427592277526855 -0.6144533157348633 1.7059589624404907
v 1.3303751945495605 -0.6144533157348633 1.7059592008590698
v 1.7427592277526855 -0.9252970218658447 1.62635338306427
v 1.3303751945495605 -0.6144533157348633 1.7059592008590698
v 1.7427592277526855 -0.6144533157348633 1.7059589624404907
v 1.7427592277526855 -0.9252970218658447 1.62635338306427
v 1.3303751945495605 -0.9252970218658447 1.6263536214828491
v 1.3303751945495605 -0.6144533157348633 1.7059592008590698
v 1.7427592277526855 -0.9252970218658447 1.62635338306427
v 1.3303751945495605 -1.2356741428375244 1.7059589624404907
v 1.3303751945495605 -0.9252970218658447 1.6263536214828491
v 1.7427592277526855 -0.9252970218658447 1.62635338306427
v 1.7427592277526855 -1.2356741428375244 1.7059587240219116
v 1.3303751945495605 -1.2356741428375244 1.7059589624404907
v 1.7427594661712646 -1.4629727602005005 1.9225391149520874
v 1.3303751945495605 -1.2356741428375244 1.7059589624404907
v 1.7427592277526855 -1.2356741428375244 1.7059587240219116
v 1.7427594661712646 -1.4629727602005005 1.9225391149520874
v 1.3303754329681396 -1.4629727602005005 1.9225393533706665
v 1.3303751945495605 -1.2356741428375244 1.7059589624404907
v 1.7427594661712646 -1.4629727602005005 1.9225391149520874
v 1.3303756713867188 -1.5465178489685059 2.218280792236328
v 1.3303754329681396 -1.4629727602005005 1.9225393533706665
v 1.7427594661712646 -1.4629727602005005 1.9225391149520874
v 1.7427597045898438 -1.5465178489685059 2.21828031539917
v 1.3303756713867188 -1.5465178489685059 2.218280792236328
v 1.7427597045898438 -1.4629729986190796 2.5144662857055664
v 1.3303756713867188 -1.5465178489685059 2.218280792236328
v 1.7427597045898438 -1.5465178489685059 2.21828031539917
v 1.7427597045898438 -1.4629729986190796 2.5144662857055664
v 1.3303756713867188 -1.4629729986190796 2.5144662857055664
v 1.3303756713867188 -1.5465178489685059 2.218280792236328
v 1.7427597045898438 -1.4629729986190796 2.5144662857055664
v 1.3303759098052979 -1.235674262046814 2.731046676635742
v 1.3303756713867188 -1.4629729986190796 2.5144662857055664
v 1.7427597045898438 -1.4629729986190796 2.5144662857055664
v 1.7427599430084229 -1.235674262046814 2.731046676635742
v 1.3303759098052979 -1.235674262046814 2.731046676635742
v 1.7427599430084229 -0.9252973794937134 2.8102073669433594
v 1.3303759098052979 -1.235674262046814 2.731046676635742
v 1.7427599430084229 -1.235674262046814 2.731046676635742
v 1.7427599430084229 -0.9252973794937134 2.8102073669433594
v 1.3303759098052979 -0.9252973794937134 2.8102078437805176
v 1.3303759098052979 -1.235674262046814 2.731046676635742
v 1.7427599430084229 -0.9252973794937134 2.8102073669433594
v 1.3303759098052979 -0.6144535541534424 2.7310471534729004
v 1.3303759098052979 -0.9252973794937134 2.8102078437805176
v 1.7427599430084229 -0.9252973794937134 2.8102073669433594
v 1.7427599430084229 -0.6144535541534424 2.731046676635742
v 1.3303759098052979 -0.6144535541534424 2.7310471534729004
v 1.7427597045898438 -0.38715481758117676 2.5144667625427246
v 1.3303759098052979 -0.6144535541534424 2.7310471534729004
v 1.7427599430084229 -0.6144535541534424 2.731046676635742
v 1.7427597045898438 -0.38715481758117676 2.5144667625427246
v 1.3303756713867188 -0.38715481758117676 2.5144667625427246
v 1.3303759098052979 -0.6144535541534424 2.7310471534729004
v 1.7427597045898438 -0.38715481758117676 2.5144667625427246
v 1.3303756713867188 -0.3040764331817627 2.218280792236328
v 1.3303756713867188 -0.38715481758117676 2.5144667625427246
v 1.7427597045898438 -0.38715481758117676 2.5144667625427246
v 1.7427597045898438 -0.3040764331817627 2.218280792236328
v 1.3303756713867188 -0.3040764331817627 2.218280792236328
v 1.6584913730621338 -1.1656644344329834 2.959634780883789
v 0.009439347311854362 -0.7656748294830322 2.7097010612487793
v 1.7630395889282227 -0.7549400329589844 2.9792022705078125
v 1.6584913730621338 -1.1656644344329834 2.959634780883789
v 0.009439341723918915 -1.1992690563201904 2.696803569793701
v 0.009439347311854362 -0.7656748294830322 2.7097010612487793
v 0.009439347311854362 -0.7656748294830322 2.7097010612487793
v 0.009439341723918915 -1.1992690563201904 2.696803569793701
v -1.6396124362945557 -1.1656644344329834 2.959636688232422
v 0.009439347311854362 -0.7656748294830322 2.7097010612487793
v -1.6396124362945557 -1.1656644344329834 2.959636688232422
v -1.7436764240264893 -0.7549400329589844 2.9792046546936035
v 1.7630395889282227 -0.7549400329589844 2.9792022705078125
v 0.009439347311854362 -0.7656748294830322 2.7097010612487793
v 1.8153135776519775 -0.3348808288574219 2.766624927520752
v -1.7959506511688232 -0.3348808288574219 2.7666263580322266
v 0.009439347311854362 -0.7656748294830322 2.7097010612487793
v -1.7436764240264893 -0.7549400329589844 2.9792046546936035
v 0.009439347311854362 -0.7656748294830322 2.7097010612487793
v 0.009439265355467796 -0.3474825620651245 2.498901844024658
v 1.8153135776519775 -0.3348808288574219 2.766624927520752
v 0.009439265355467796 -0.3474825620651245 2.498901844024658
v 0.009439347311854362 -0.7656748294830322 2.7097010612487793
v -1.7959506511688232 -0.3348808288574219 2.7666263580322266
v 1.8153135776519775 -0.3348808288574219 2.766624927520752
v 0.009439265355467796 -0.3474825620651245 2.498901844024658
v 1.8153131008148193 -0.1929941177368164 2.321011543273926
v -1.7955505847930908 -0.1929941177368164 2.3210134506225586
v 0.009439265355467796 -0.3474825620651245 2.498901844024658
v -1.7959506511688232 -0.3348808288574219 2.7666263580322266
v 0.009439265355467796 -0.3474825620651245 2.498901844024658
v 0.009439129382371902 -0.4226264953613281 2.272982597351074
v 1.8153131008148193 -0.1929941177368164 2.321011543273926
v 0.009439129382371902 -0.4226264953613281 2.272982597351074
v 0.009439265355467796 -0.3474825620651245 2.498901844024658
v -1.7955505847930908 -0.1929941177368164 2.3210134506225586
v 1.8153131008148193 -0.1929941177368164 2.321011543273926
v 0.009439129382371902 -0.4226264953613281 2.272982597351074
v 1.8153131008148193 -0.30220937728881836 1.9154237508773804
v -1.7826197147369385 -0.30220937728881836 1.9154256582260132
v 0.009439129382371902 -0.4226264953613281 2.272982597351074
v -1.7955505847930908 -0.1929941177368164 2.3210134506225586
v 0.009439129382371902 -0.4226264953613281 2.272982597351074
v 0.009438926354050636 -0.5337086915969849 1.877623200416565
v 1.8153131008148193 -0.30220937728881836 1.9154237508773804
v 0.009438926354050636 -0.5337086915969849 1.877623200416565
v 0.009439129382371902 -0.4226264953613281 2.272982597351074
v -1.7826197147369385 -0.30220937728881836 1.9154256582260132
v 1.8153131008148193 -0.30220937728881836 1.9154237508773804
v 0.009438926354050636 -0.5337086915969849 1.877623200416565
v 1.7630388736724854 -0.6349895000457764 1.6081196069717407
v -1.7324697971343994 -0.6349895000457764 1.6081215143203735
v 0.009438926354050636 -0.5337086915969849 1.877623200416565
v -1.7826197147369385 -0.30220937728881836 1.9154256582260132
v 0.009438926354050636 -0.5337086915969849 1.877623200416565
v 0.009438781067728996 -0.6452575922012329 1.6276885271072388
v 1.7630388736724854 -0.6349895000457764 1.6081196069717407
v 0.009438781067728996 -0.6452575922012329 1.6276885271072388
v 0.009438926354050636 -0.5337086915969849 1.877623200416565
v -1.7324697971343994 -0.6349895000457764 1.6081215143203735
v 1.7630388736724854 -0.6349895000457764 1.6081196069717407
v 0.009438781067728996 -0.6452575922012329 1.6276885271072388
v 1.6584904193878174 -1.100321650505066 1.4907127618789673
v -1.639613389968872 -1.100321650505066 1.490714430809021
v 0.009438781067728996 -0.6452575922012329 1.6276885271072388
v -1.7324697971343994 -0.6349895000457764 1.6081215143203735
v 0.009438781067728996 -0.6452575922012329 1.6276885271072388
v 0.009438695386052132 -1.1269254684448242 1.5351859331130981
v 1.6584904193878174 -1.100321650505066 1.4907127618789673
v 0.009438695386052132 -1.1269254684448242 1.5351859331130981
v 0.009438781067728996 -0.6452575922012329 1.6276885271072388
v -1.639613389968872 -1.100321650505066 1.490714430809021
v 1.6584904193878174 -1.100321650505066 1.4907127618789673
v 0.009438695386052132 -1.1269254684448242 1.5351859331130981
v 1.536517858505249 -1.1157238483428955 1.3684138059616089
v -1.5176405906677246 -1.1157238483428955 1.368415355682373
v 0.009438695386052132 -1.1269254684448242 1.5351859331130981
v -1.639613389968872 -1.100321650505066 1.490714430809021
v 0.009438695386052132 -1.1269254684448242 1.5351859331130981
v 0.00943862646818161 -1.135326623916626 1.3581857681274414
v 1.536517858505249 -1.1157238483428955 1.3684138059616089
v 0.00943862646818161 -1.135326623916626 1.3581857681274414
v 0.009438695386052132 -1.1269254684448242 1.5351859331130981
v -1.5176405906677246 -1.1157238483428955 1.368415355682373
v 1.536517858505249 -1.1157238483428955 1.3684138059616089
v 0.00943862646818161 -1.135326623916626 1.3581857681274414
v 1.5365159511566162 -1.1194567680358887 -1.8900761604309082
v -1.5176424980163574 -1.1194567680358887 -1.890074610710144
v 0.00943862646818161 -1.135326623916626 1.3581857681274414
v -1.5176405906677246 -1.1157238483428955 1.368415355682373
v 0.00943862646818161 -1.135326623916626 1.3581857681274414
v 0.009436827152967453 -1.134392261505127 -1.8980803489685059
v 1.5365159511566162 -1.1194567680358887 -1.8900761604309082
v 0.009436827152967453 -1.134392261505127 -1.8980803489685059
v 0.00943862646818161 -1.135326623916626 1.3581857681274414
v -1.5176424980163574 -1.1194567680358887 -1.890074610710144
v 1.5365159511566162 -1.1194567680358887 -1.8900761604309082
v 0.009436827152967453 -1.134392261505127 -1.8980803489685059
v 0.009436797350645065 -0.6919299364089966 -1.9719043970108032
v 0.009436827152967453 -1.134392261505127 -1.8980803489685059
v -1.5176424980163574 -1.1194567680358887 -1.890074610710144
v 0.009436797350645065 -0.6919299364089966 -1.9719043970108032
v 1.641063928604126 -0.6895962953567505 -1.9532266855239868
v 1.5365159511566162 -1.1194567680358887 -1.8900761604309082
v 0.009436797350645065 -0.6919299364089966 -1.9719043970108032
v 0.009436797350645065 -0.6919299364089966 -1.9719043970108032
v -1.5176424980163574 -1.1194567680358887 -1.890074610710144
v -1.6270155906677246 -0.6895962953567505 -1.953225016593933
v 0.009436797350645065 -0.6919299364089966 -1.9719043970108032
v 0.009436650201678276 -0.560778021812439 -2.2285099029541016
v 1.641063928604126 -0.6895962953567505 -1.9532266855239868
v 0.009436650201678276 -0.560778021812439 -2.2285099029541016
v 0.009436797350645065 -0.6919299364089966 -1.9719043970108032
v -1.6270155906677246 -0.6895962953567505 -1.953225016593933
v 1.641063928604126 -0.6895962953567505 -1.9532266855239868
v 0.009436650201678276 -0.560778021812439 -2.2285099029541016
v 1.6933379173278809 -0.3460812568664551 -2.204495429992676
v -1.6649177074432373 -0.3460812568664551 -2.204493761062622
v 0.009436650201678276 -0.560778021812439 -2.2285099029541016
v -1.6270155906677246 -0.6895962953567505 -1.953225016593933
v 0.009436650201678276 -0.560778021812439 -2.2285099029541016
v 0.009436391294002533 -0.4118903875350952 -2.6421027183532715
v 1.6933379173278809 -0.3460812568664551 -2.204495429992676
v 0.009436391294002533 -0.4118903875350952 -2.6421027183532715
v 0.009436650201678276 -0.560778021812439 -2.2285099029541016
v -1.6649177074432373 -0.3460812568664551 -2.204493761062622
v 1.6933379173278809 -0.3460812568664551 -2.204495429992676
v 0.009436391294002533 -0.4118903875350952 -2.6421027183532715
v 1.8153104782104492 -0.1934596300125122 -2.6407694816589355
v -1.7944269180297852 -0.1934596300125122 -2.6407675743103027
v 0.009436391294002533 -0.4118903875350952 -2.6421027183532715
v -1.6649177074432373 -0.3460812568664551 -2.204493761062622
v 0.009436391294002533 -0.4118903875350952 -2.6421027183532715
v 0.00943630188703537 -0.4184246063232422 -2.873358726501465
v 1.8153104782104492 -0.1934596300125122 -2.6407694816589355
v 0.00943630188703537 -0.4184246063232422 -2.873358726501465
v 0.009436391294002533 -0.4118903875350952 -2.6421027183532715
v -1.7944269180297852 -0.1934596300125122 -2.6407675743103027
v 1.8153104782104492 -0.1934596300125122 -2.6407694816589355
v 0.00943630188703537 -0.4184246063232422 -2.873358726501465
v 1.8153102397918701 -0.3264782428741455 -3.031682014465332
v -1.7959539890289307 -0.3264782428741455 -3.031679630279541
v 0.00943630188703537 -0.4184246063232422 -2.873358726501465
v -1.7944269180297852 -0.1934596300125122 -2.6407675743103027
v 0.00943630188703537 -0.4184246063232422 -2.873358726501465
v 0.009436219930648804 -0.6018503904342651 -2.960080146789551
v 1.8153102397918701 -0.3264782428741455 -3.031682014465332
v 0.009436219930648804 -0.6018503904342651 -2.960080146789551
v 0.00943630188703537 -0.4184246063232422 -2.873358726501465
v -1.7959539890289307 -0.3264782428741455 -3.031679630279541
v 1.8153102397918701 -0.3264782428741455 -3.031682014465332
v 0.009436219930648804 -0.6018503904342651 -2.960080146789551
v 1.7630360126495361 -0.5850478410720825 -3.209571361541748
v -1.7422771453857422 -0.5850478410720825 -3.209568977355957
v 0.009436219930648804 -0.6018503904342651 -2.960080146789551
v -1.7959539890289307 -0.3264782428741455 -3.031679630279541
v 0.009436219930648804 -0.6018503904342651 -2.960080146789551
v 1.6602320671081543 -0.9504992961883545 -3.209571361541748
v 1.7630360126495361 -0.5850478410720825 -3.209571361541748
v -1.6555109024047852 -0.9504992961883545 -3.209568977355957
v 0.009436219930648804 -0.6018503904342651 -2.960080146789551
v -1.7422771453857422 -0.5850478410720825 -3.209568977355957
v 1.6602320671081543 -0.9504992961883545 -3.209571361541748
v 0.009436219930648804 -0.6018503904342651 -2.960080146789551
v 0.009436216205358505 -0.9775698184967041 -2.969419479370117
v 0.009436216205358505 -0.9775698184967041 -2.969419479370117
v 0.009436219930648804 -0.6018503904342651 -2.960080146789551
v -1.6555109024047852 -0.9504992961883545 -3.209568977355957
v 1.7693307399749756 0.4016231298446655 1.0855696201324463
v 1.7606184482574463 0.3456152677536011 1.2154289484024048
v 1.7010841369628906 0.4016231298446655 1.1545019149780273
v 1.7010841369628906 0.4016231298446655 1.1545019149780273
v 1.7606184482574463 0.3456152677536011 1.2154289484024048
v 1.5883076190948486 0.4016231298446655 1.2100924253463745
v 1.7606184482574463 0.3456152677536011 1.2154289484024048
v 1.623641014099121 0.3456152677536011 1.2825822830200195
v 1.5883076190948486 0.4016231298446655 1.2100924253463745
v 1.7693307399749756 0.4016231298446655 1.0855696201324463
v 1.8288650512695312 0.3456152677536011 1.1464967727661133
v 1.7606184482574463 0.3456152677536011 1.2154289484024048
v 1.5883076190948486 0.5915831327438354 1.2100924253463745
v 1.5883076190948486 0.4016231298446655 1.2100924253463745
v 1.5515222549438477 0.4959031343460083 1.3101552724838257
v 1.9053399562835693 0.4968365430831909 1.076230525970459
v 1.8288650512695312 0.3456152677536011 1.1464967727661133
v 1.7693307399749756 0.4016231298446655 1.0855696201324463
v 1.8288650512695312 0.3456152677536011 1.1464967727661133
v 1.9053399562835693 0.4968365430831909 1.076230525970459
v 1.9024360179901123 0.4016231298446655 1.1816298961639404
v 1.9024360179901123 0.4016231298446655 1.1816298961639404
v 1.9053399562835693 0.4968365430831909 1.076230525970459
v 1.9024360179901123 0.5915831327438354 1.18163001537323
v 1.7693307399749756 0.5915831327438354 1.0855697393417358
v 1.9053399562835693 0.4968365430831909 1.076230525970459
v 1.7693307399749756 0.4016231298446655 1.0855696201324463
v 1.9053399562835693 0.4968365430831909 1.076230525970459
v 1.8288650512695312 0.6256545782089233 1.1464968919754028
v 1.9024360179901123 0.5915831327438354 1.18163001537323
v 1.8288650512695312 0.6256545782089233 1.1464968919754028
v 1.9053399562835693 0.4968365430831909 1.076230525970459
v 1.7693307399749756 0.5915831327438354 1.0855697393417358
v 1.7010841369628906 0.5915831327438354 1.1545019149780273
v 1.8288650512695312 0.6256545782089233 1.1464968919754028
v 1.7693307399749756 0.5915831327438354 1.0855697393417358
v 1.7010841369628906 0.5915831327438354 1.1545019149780273
v 1.5883076190948486 0.5915831327438354 1.2100924253463745
v 1.623641014099121 0.6256545782089233 1.282582402229309
v 1.7606184482574463 0.6256545782089233 1.2154290676116943
v 1.8288650512695312 0.6256545782089233 1.1464968919754028
v 1.7010841369628906 0.5915831327438354 1.1545019149780273
v 1.623641014099121 0.6256545782089233 1.282582402229309
v 1.7606184482574463 0.6256545782089233 1.2154290676116943
v 1.7010841369628906 0.5915831327438354 1.1545019149780273
v 1.7427568435668945 -0.3871535062789917 -2.8506789207458496
v 1.3303730487823486 -0.30407512187957764 -2.5549373626708984
v 1.7427570819854736 -0.30407512187957764 -2.5549378395080566
v 1.7427568435668945 -0.3871535062789917 -2.8506789207458496
v 1.3303728103637695 -0.3871535062789917 -2.8506784439086914
v 1.3303730487823486 -0.30407512187957764 -2.5549373626708984
v 1.7427568435668945 -0.3871535062789917 -2.8506789207458496
v 1.3303725719451904 -0.6144520044326782 -3.067258834838867
v 1.3303728103637695 -0.3871535062789917 -2.8506784439086914
v 1.7427568435668945 -0.3871535062789917 -2.8506789207458496
v 1.7427566051483154 -0.6144520044326782 -3.0672593116760254
v 1.3303725719451904 -0.6144520044326782 -3.067258834838867
v 1.7427566051483154 -0.925295889377594 -3.146864891052246
v 1.3303725719451904 -0.6144520044326782 -3.067258834838867
v 1.7427566051483154 -0.6144520044326782 -3.0672593116760254
v 1.7427566051483154 -0.925295889377594 -3.146864891052246
v 1.3303725719451904 -0.925295889377594 -3.146864414215088
v 1.3303725719451904 -0.6144520044326782 -3.067258834838867
v 1.7427566051483154 -0.925295889377594 -3.146864891052246
v 1.3303725719451904 -1.2356728315353394 -3.067258834838867
v 1.3303725719451904 -0.925295889377594 -3.146864414215088
v 1.7427566051483154 -0.925295889377594 -3.146864891052246
v 1.7427566051483154 -1.2356728315353394 -3.0672593116760254
v 1.3303725719451904 -1.2356728315353394 -3.067258834838867
v 1.7427568435668945 -1.462971568107605 -2.8506789207458496
v 1.3303725719451904 -1.2356728315353394 -3.067258834838867
v 1.7427566051483154 -1.2356728315353394 -3.0672593116760254
v 1.7427568435668945 -1.462971568107605 -2.8506789207458496
v 1.3303728103637695 -1.462971568107605 -2.8506789207458496
v 1.3303725719451904 -1.2356728315353394 -3.067258834838867
v 1.7427568435668945 -1.462971568107605 -2.8506789207458496
v 1.3303730487823486 -1.5465166568756104 -2.5549378395080566
v 1.3303728103637695 -1.462971568107605 -2.8506789207458496
v 1.7427568435668945 -1.462971568107605 -2.8506789207458496
v 1.7427570819854736 -1.5465166568756104 -2.5549378395080566
v 1.3303730487823486 -1.5465166568756104 -2.5549378395080566
v 1.7427570819854736 -1.4629716873168945 -2.2587521076202393
v 1.3303730487823486 -1.5465166568756104 -2.5549378395080566
v 1.7427570819854736 -1.5465166568756104 -2.5549378395080566
v 1.7427570819854736 -1.4629716873168945 -2.2587521076202393
v 1.3303730487823486 -1.4629716873168945 -2.25875186920166
v 1.3303730487823486 -1.5465166568756104 -2.5549378395080566
v 1.7427570819854736 -1.4629716873168945 -2.2587521076202393
v 1.3303732872009277 -1.235673189163208 -2.0421714782714844
v 1.3303730487823486 -1.4629716873168945 -2.25875186920166
v 1.7427570819854736 -1.4629716873168945 -2.2587521076202393
v 1.7427573204040527 -1.235673189163208 -2.0421714782714844
v 1.3303732872009277 -1.235673189163208 -2.0421714782714844
v 1.7427573204040527 -0.9252961277961731 -1.9630106687545776
v 1.3303732872009277 -1.235673189163208 -2.0421714782714844
v 1.7427573204040527 -1.235673189163208 -2.0421714782714844
v 1.7427573204040527 -0.9252961277961731 -1.9630106687545776
v 1.3303732872009277 -0.9252961277961731 -1.963010549545288
v 1.3303732872009277 -1.235673189163208 -2.0421714782714844
v 1.7427573204040527 -0.9252961277961731 -1.9630106687545776
v 1.3303732872009277 -0.6144523620605469 -2.0421712398529053
v 1.3303732872009277 -0.9252961277961731 -1.963010549545288
v 1.7427573204040527 -0.9252961277961731 -1.9630106687545776
v 1.7427573204040527 -0.6144523620605469 -2.0421714782714844
v 1.3303732872009277 -0.6144523620605469 -2.0421712398529053
v 1.7427570819854736 -0.38715362548828125 -2.25875186920166
v 1.3303732872009277 -0.6144523620605469 -2.0421712398529053
v 1.7427573204040527 -0.6144523620605469 -2.0421714782714844
v 1.7427570819854736 -0.38715362548828125 -2.25875186920166
v 1.3303730487823486 -0.38715362548828125 -2.258751630783081
v 1.3303732872009277 -0.6144523620605469 -2.0421712398529053
v 1.7427570819854736 -0.38715362548828125 -2.25875186920166
v 1.3303730487823486 -0.30407512187957764 -2.5549373626708984
v 1.3303730487823486 -0.38715362548828125 -2.258751630783081
v 1.7427570819854736 -0.38715362548828125 -2.25875186920166
v 1.7427570819854736 -0.30407512187957764 -2.5549378395080566
v 1.3303730487823486 -0.30407512187957764 -2.5549373626708984
v -1.3121955394744873 -0.9252972602844238 2.2182822227478027
v -1.3121957778930664 -0.3871546983718872 1.9225410223007202
v -1.3121955394744873 -0.3040764331817627 2.2182822227478027
v -1.3121955394744873 -0.9252972602844238 2.2182822227478027
v -1.3121957778930664 -0.6144533157348633 1.7059603929519653
v -1.3121957778930664 -0.3871546983718872 1.9225410223007202
v -1.3121955394744873 -0.9252972602844238 2.2182822227478027
v -1.3121955394744873 -0.3040764331817627 2.2182822227478027
v -1.3121953010559082 -0.38715481758117676 2.514468193054199
v -1.3121955394744873 -0.9252972602844238 2.2182822227478027
v -1.3121957778930664 -0.9252970218658447 1.6263548135757446
v -1.3121957778930664 -0.6144533157348633 1.7059603929519653
v -1.3121955394744873 -0.9252972602844238 2.2182822227478027
v -1.3121953010559082 -0.38715481758117676 2.514468193054199
v -1.3121953010559082 -0.6144535541534424 2.731048107147217
v -1.3121955394744873 -0.9252972602844238 2.2182822227478027
v -1.3121957778930664 -1.2356741428375244 1.7059603929519653
v -1.3121957778930664 -0.9252970218658447 1.6263548135757446
v -1.3121955394744873 -0.9252972602844238 2.2182822227478027
v -1.3121953010559082 -0.6144535541534424 2.731048107147217
v -1.3121953010559082 -0.9252973794937134 2.810208797454834
v -1.3121955394744873 -0.9252972602844238 2.2182822227478027
v -1.3121957778930664 -1.4629727602005005 1.9225407838821411
v -1.3121957778930664 -1.2356741428375244 1.7059603929519653
v -1.3121955394744873 -0.9252972602844238 2.2182822227478027
v -1.3121953010559082 -0.9252973794937134 2.810208797454834
v -1.3121953010559082 -1.235674262046814 2.731048107147217
v -1.3121955394744873 -0.9252972602844238 2.2182822227478027
v -1.3121955394744873 -1.5465178489685059 2.2182817459106445
v -1.3121957778930664 -1.4629727602005005 1.9225407838821411
v -1.3121955394744873 -0.9252972602844238 2.2182822227478027
v -1.3121953010559082 -1.235674262046814 2.731048107147217
v -1.3121953010559082 -1.4629729986190796 2.514467716217041
v -1.3121955394744873 -0.9252972602844238 2.2182822227478027
v -1.3121953010559082 -1.4629729986190796 2.514467716217041
v -1.3121955394744873 -1.5465178489685059 2.2182817459106445
v -1.3121981620788574 -0.9252960085868835 -2.554936408996582
v -1.3121984004974365 -0.3871535062789917 -2.850677490234375
v -1.3121981620788574 -0.30407512187957764 -2.554936408996582
v -1.3121981620788574 -0.9252960085868835 -2.554936408996582
v -1.3121984004974365 -0.6144520044326782 -3.067257881164551
v -1.3121984004974365 -0.3871535062789917 -2.850677490234375
v -1.3121981620788574 -0.9252960085868835 -2.554936408996582
v -1.3121981620788574 -0.30407512187957764 -2.554936408996582
v -1.3121979236602783 -0.38715362548828125 -2.2587504386901855
v -1.3121981620788574 -0.9252960085868835 -2.554936408996582
v -1.3121984004974365 -0.925295889377594 -3.1468634605407715
v -1.3121984004974365 -0.6144520044326782 -3.067257881164551
v -1.3121981620788574 -0.9252960085868835 -2.554936408996582
v -1.3121979236602783 -0.38715362548828125 -2.2587504386901855
v -1.3121979236602783 -0.6144523620605469 -2.0421700477600098
v -1.3121981620788574 -0.9252960085868835 -2.554936408996582
v -1.3121984004974365 -1.2356728315353394 -3.067257881164551
v -1.3121984004974365 -0.925295889377594 -3.1468634605407715
v -1.3121981620788574 -0.9252960085868835 -2.554936408996582
v -1.3121979236602783 -0.6144523620605469 -2.0421700477600098
v -1.3121979236602783 -0.9252961277961731 -1.9630091190338135
v -1.3121981620788574 -0.9252960085868835 -2.554936408996582
v -1.3121984004974365 -1.462971568107605 -2.850677490234375
v -1.3121984004974365 -1.2356728315353394 -3.067257881164551
v -1.3121981620788574 -0.9252960085868835 -2.554936408996582
v -1.3121979236602783 -0.9252961277961731 -1.9630091190338135
v -1.3121979236602783 -1.235673189163208 -2.0421700477600098
v -1.3121981620788574 -0.9252960085868835 -2.554936408996582
v -1.3121981620788574 -1.5465166568756104 -2.554936408996582
v -1.3121984004974365 -1.462971568107605 -2.850677490234375
v -1.3121981620788574 -0.9252960085868835 -2.554936408996582
v -1.3121979236602783 -1.235673189163208 -2.0421700477600098
v -1.3121979236602783 -1.4629716873168945 -2.2587504386901855
v -1.3121981620788574 -0.9252960085868835 -2.554936408996582
v -1.3121979236602783 -1.4629716873168945 -2.2587504386901855
v -1.3121981620788574 -1.5465166568756104 -2.554936408996582
v 1.3303756713867188 -0.9252972602844238 2.218280792236328
v 1.3303756713867188 -0.3040764331817627 2.218280792236328
v 1.3303754329681396 -0.3871546983718872 1.9225395917892456
v 1.3303756713867188 -0.9252972602844238 2.218280792236328
v 1.3303756713867188 -0.38715481758117676 2.5144667625427246
v 1.3303756713867188 -0.3040764331817627 2.218280792236328
v 1.3303756713867188 -0.9252972602844238 2.218280792236328
v 1.3303754329681396 -0.3871546983718872 1.9225395917892456
v 1.3303751945495605 -0.6144533157348633 1.7059592008590698
v 1.3303756713867188 -0.9252972602844238 2.218280792236328
v 1.3303759098052979 -0.6144535541534424 2.7310471534729004
v 1.3303756713867188 -0.38715481758117676 2.5144667625427246
v 1.3303756713867188 -0.9252972602844238 2.218280792236328
v 1.3303751945495605 -0.6144533157348633 1.7059592008590698
v 1.3303751945495605 -0.9252970218658447 1.6263536214828491
v 1.3303756713867188 -0.9252972602844238 2.218280792236328
v 1.3303759098052979 -0.9252973794937134 2.8102078437805176
v 1.3303759098052979 -0.6144535541534424 2.7310471534729004
v 1.3303756713867188 -0.9252972602844238 2.218280792236328
v 1.3303751945495605 -0.9252970218658447 1.6263536214828491
v 1.3303751945495605 -1.2356741428375244 1.7059589624404907
v 1.3303756713867188 -0.9252972602844238 2.218280792236328
v 1.3303759098052979 -1.235674262046814 2.731046676635742
v 1.3303759098052979 -0.9252973794937134 2.8102078437805176
v 1.3303756713867188 -0.9252972602844238 2.218280792236328
v 1.3303751945495605 -1.2356741428375244 1.7059589624404907
v 1.3303754329681396 -1.4629727602005005 1.9225393533706665
v 1.3303756713867188 -0.9252972602844238 2.218280792236328
v 1.3303756713867188 -1.4629729986190796 2.5144662857055664
v 1.3303759098052979 -1.235674262046814 2.731046676635742
v 1.3303756713867188 -0.9252972602844238 2.218280792236328
v 1.3303754329681396 -1.4629727602005005 1.9225393533706665
v 1.3303756713867188 -1.5465178489685059 2.218280792236328
v 1.3303756713867188 -0.9252972602844238 2.218280792236328
v 1.3303756713867188 -1.5465178489685059 2.218280792236328
v 1.3303756713867188 -1.4629729986190796 2.5144662857055664
v 1.3303730487823486 -0.9252960085868835 -2.5549378395080566
v 1.3303730487823486 -0.30407512187957764 -2.5549373626708984
v 1.3303728103637695 -0.3871535062789917 -2.8506784439086914
v 1.3303730487823486 -0.9252960085868835 -2.5549378395080566
v 1.3303730487823486 -0.38715362548828125 -2.258751630783081
v 1.3303730487823486 -0.30407512187957764 -2.5549373626708984
v 1.3303730487823486 -0.9252960085868835 -2.5549378395080566
v 1.3303728103637695 -0.3871535062789917 -2.8506784439086914
v 1.3303725719451904 -0.6144520044326782 -3.067258834838867
v 1.3303730487823486 -0.9252960085868835 -2.5549378395080566
v 1.3303732872009277 -0.6144523620605469 -2.0421712398529053
v 1.3303730487823486 -0.38715362548828125 -2.258751630783081
v 1.3303730487823486 -0.9252960085868835 -2.5549378395080566
v 1.3303725719451904 -0.6144520044326782 -3.067258834838867
v 1.3303725719451904 -0.925295889377594 -3.146864414215088
v 1.3303730487823486 -0.9252960085868835 -2.5549378395080566
v 1.3303732872009277 -0.9252961277961731 -1.963010549545288
v 1.3303732872009277 -0.6144523620605469 -2.0421712398529053
v 1.3303730487823486 -0.9252960085868835 -2.5549378395080566
v 1.3303725719451904 -0.925295889377594 -3.146864414215088
v 1.3303725719451904 -1.2356728315353394 -3.067258834838867
v 1.3303730487823486 -0.9252960085868835 -2.5549378395080566
v 1.3303732872009277 -1.235673189163208 -2.0421714782714844
v 1.3303732872009277 -0.9252961277961731 -1.963010549545288
v 1.3303730487823486 -0.9252960085868835 -2.5549378395080566
v 1.3303725719451904 -1.2356728315353394 -3.067258834838867
v 1.3303728103637695 -1.462971568107605 -2.8506789207458496
v 1.3303730487823486 -0.9252960085868835 -2.5549378395080566
v 1.3303730487823486 -1.4629716873168945 -2.25875186920166
v 1.3303732872009277 -1.235673189163208 -2.0421714782714844
v 1.3303730487823486 -0.9252960085868835 -2.5549378395080566
v 1.3303728103637695 -1.462971568107605 -2.8506789207458496
v 1.3303730487823486 -1.5465166568756104 -2.5549378395080566
v 1.3303730487823486 -0.9252960085868835 -2.5549378395080566
v 1.3303730487823486 -1.5465166568756104 -2.5549378395080566
v 1.3303730487823486 -1.4629716873168945 -2.25875186920166
v 0.0641305223107338 1.3210870027542114 -2.6194214820861816
v 0.03557339683175087 1.3630927801132202 -2.6683411598205566
v -0.04283764958381653 1.314085841178894 -2.669674873352051
v 0.03557339683175087 1.3630927801132202 -2.6683411598205566
v 0.013792546465992928 1.3616925477981567 -2.678569793701172
v -0.04283764958381653 1.314085841178894 -2.669674873352051
v 0.03557339683175087 1.3630927801132202 -2.6683411598205566
v 0.02831307426095009 1.543056845664978 -2.7134242057800293
v 0.013792546465992928 1.3616925477981567 -2.678569793701172
v 0.06413048505783081 1.272546648979187 -2.7203736305236816
v 0.03557338938117027 1.3602925539016724 -2.688798427581787
v 0.03557339683175087 1.3630927801132202 -2.6683411598205566
v 1.6807551383972168 0.4777005910873413 1.2225446701049805
v 1.6807551383972168 0.37781989574432373 1.222544550895691
v 1.1284899711608887 0.4720996618270874 1.2225449085235596
v 1.1284899711608887 0.4720996618270874 1.2225449085235596
v 1.6807551383972168 0.37781989574432373 1.222544550895691
v 1.1284899711608887 0.3815535306930542 1.2225449085235596
v 1.1284899711608887 0.3815535306930542 1.2225449085235596
v 1.6807551383972168 0.37781965732574463 1.2843612432479858
v 1.1284899711608887 0.3815535306930542 1.284361481666565
v -1.5883076190948486 0.4016231298446655 1.2100942134857178
v -1.7606182098388672 0.3456152677536011 1.2154308557510376
v -1.7010838985443115 0.4016231298446655 1.1545038223266602
v -1.5883076190948486 0.4016231298446655 1.2100942134857178
v -1.623641014099121 0.3456152677536011 1.2825840711593628
v -1.7606182098388672 0.3456152677536011 1.2154308557510376
v -1.7010838985443115 0.4016231298446655 1.1545038223266602
v -1.7606182098388672 0.3456152677536011 1.2154308557510376
v -1.7693305015563965 0.4016231298446655 1.085571527481079
v -1.5883076190948486 0.5915831327438354 1.2100942134857178
v -1.5520062446594238 0.4959031343460083 1.3101569414138794
v -1.5883076190948486 0.4016231298446655 1.2100942134857178
v -1.7606182098388672 0.3456152677536011 1.2154308557510376
v -1.8293490409851074 0.3456152677536011 1.146498680114746
v -1.7693305015563965 0.4016231298446655 1.085571527481079
v -1.7010838985443115 0.5915831327438354 1.1545038223266602
v -1.623641014099121 0.6256545782089233 1.2825840711593628
v -1.5883076190948486 0.5915831327438354 1.2100942134857178
v -1.7606182098388672 0.6256545782089233 1.2154308557510376
v -1.623641014099121 0.6256545782089233 1.2825840711593628
v -1.7010838985443115 0.5915831327438354 1.1545038223266602
v -1.8293490409851074 0.6256545782089233 1.1464987993240356
v -1.7606182098388672 0.6256545782089233 1.2154308557510376
v -1.7010838985443115 0.5915831327438354 1.1545038223266602
v -1.7010838985443115 0.5915831327438354 1.1545038223266602
v -1.7693305015563965 0.5915831327438354 1.0855716466903687
v -1.8293490409851074 0.6256545782089233 1.1464987993240356
v -1.7693305015563965 0.4016231298446655 1.085571527481079
v -1.8293490409851074 0.3456152677536011 1.146498680114746
v -1.9053399562835693 0.4968365430831909 1.0762325525283813
v -1.7693305015563965 0.5915831327438354 1.0855716466903687
v -1.7693305015563965 0.4016231298446655 1.085571527481079
v -1.9053399562835693 0.4968365430831909 1.0762325525283813
v -1.8293490409851074 0.6256545782089233 1.1464987993240356
v -1.7693305015563965 0.5915831327438354 1.0855716466903687
v -1.9053399562835693 0.4968365430831909 1.0762325525283813
v -1.8293490409851074 0.3456152677536011 1.146498680114746
v -1.9029197692871094 0.4016231298446655 1.1816319227218628
v -1.9053399562835693 0.4968365430831909 1.0762325525283813
v -1.9029197692871094 0.5915831327438354 1.1816319227218628
v -1.8293490409851074 0.6256545782089233 1.1464987993240356
v -1.9053399562835693 0.4968365430831909 1.0762325525283813
v -1.6807551383972168 0.37781989574432373 1.2225463390350342
v -1.6807551383972168 0.4777005910873413 1.2225464582443237
v -1.1284894943237305 0.4720996618270874 1.222546100616455
v -1.1284894943237305 0.3815535306930542 1.222546100616455
v -1.6807551383972168 0.37781989574432373 1.2225463390350342
v -1.1284894943237305 0.4720996618270874 1.222546100616455
v -1.6807551383972168 0.37781965732574463 1.284363031387329
v -1.6807551383972168 0.37781989574432373 1.2225463390350342
v -1.1284894943237305 0.3815535306930542 1.222546100616455
v -1.1284894943237305 0.3815535306930542 1.2843626737594604
v -1.6807551383972168 0.37781965732574463 1.284363031387329
v -1.1284894943237305 0.3815535306930542 1.222546100616455
v 1.7010841369628906 0.5915831327438354 1.1545019149780273
v 1.5883076190948486 0.4016231298446655 1.2100924253463745
v 1.5883076190948486 0.5915831327438354 1.2100924253463745
v 1.7010841369628906 0.5915831327438354 1.1545019149780273
v 1.7010841369628906 0.4016231298446655 1.1545019149780273
v 1.5883076190948486 0.4016231298446655 1.2100924253463745
v 1.7010841369628906 0.5915831327438354 1.1545019149780273
v 1.7693307399749756 0.4016231298446655 1.0855696201324463
v 1.7010841369628906 0.4016231298446655 1.1545019149780273
v 1.7010841369628906 0.5915831327438354 1.1545019149780273
v 1.7693307399749756 0.5915831327438354 1.0855697393417358
v 1.7693307399749756 0.4016231298446655 1.0855696201324463
v -1.7010838985443115 0.5915831327438354 1.1545038223266602
v -1.7693305015563965 0.4016231298446655 1.085571527481079
v -1.7693305015563965 0.5915831327438354 1.0855716466903687
v -1.7010838985443115 0.5915831327438354 1.1545038223266602
v -1.7010838985443115 0.4016231298446655 1.1545038223266602
v -1.7693305015563965 0.4016231298446655 1.085571527481079
v -1.7010838985443115 0.5915831327438354 1.1545038223266602
v -1.5883076190948486 0.4016231298446655 1.2100942134857178
v -1.7010838985443115 0.4016231298446655 1.1545038223266602
v -1.7010838985443115 0.5915831327438354 1.1545038223266602
v -1.5883076190948486 0.5915831327438354 1.2100942134857178
v -1.5883076190948486 0.4016231298446655 1.2100942134857178
v -1.3121957778930664 -0.6144533157348633 1.7059603929519653
v -1.7250638008117676 -0.3871546983718872 1.9225410223007202
v -1.3121957778930664 -0.3871546983718872 1.9225410223007202
v -1.7250638008117676 -0.3871546983718872 1.9225410223007202
v -1.3121955394744873 -0.3040764331817627 2.2182822227478027
v -1.3121957778930664 -0.3871546983718872 1.9225410223007202
v -1.7250635623931885 -0.3040764331817627 2.2182822227478027
v -1.3121955394744873 -0.3040764331817627 2.2182822227478027
v -1.7250638008117676 -0.3871546983718872 1.9225410223007202
v -1.3121957778930664 -0.6144533157348633 1.7059603929519653
v -1.7250640392303467 -0.6144533157348633 1.7059606313705444
v -1.7250638008117676 -0.3871546983718872 1.9225410223007202
v -1.3121957778930664 -0.6144533157348633 1.7059603929519653
v -1.7250640392303467 -0.9252970218658447 1.6263550519943237
v -1.7250640392303467 -0.6144533157348633 1.7059606313705444
v -1.3121957778930664 -0.6144533157348633 1.7059603929519653
v -1.3121957778930664 -0.9252970218658447 1.6263548135757446
v -1.7250640392303467 -0.9252970218658447 1.6263550519943237
v -1.3121957778930664 -1.2356741428375244 1.7059603929519653
v -1.7250640392303467 -0.9252970218658447 1.6263550519943237
v -1.3121957778930664 -0.9252970218658447 1.6263548135757446
v -1.3121957778930664 -1.2356741428375244 1.7059603929519653
v -1.7250640392303467 -1.2356741428375244 1.7059603929519653
v -1.7250640392303467 -0.9252970218658447 1.6263550519943237
v -1.3121957778930664 -1.2356741428375244 1.7059603929519653
v -1.7250638008117676 -1.4629727602005005 1.9225407838821411
v -1.7250640392303467 -1.2356741428375244 1.7059603929519653
v -1.3121957778930664 -1.2356741428375244 1.7059603929519653
v -1.3121957778930664 -1.4629727602005005 1.9225407838821411
v -1.7250638008117676 -1.4629727602005005 1.9225407838821411
v -1.3121955394744873 -1.5465178489685059 2.2182817459106445
v -1.7250638008117676 -1.4629727602005005 1.9225407838821411
v -1.3121957778930664 -1.4629727602005005 1.9225407838821411
v -1.3121955394744873 -1.5465178489685059 2.2182817459106445
v -1.7250635623931885 -1.5465178489685059 2.2182822227478027
v -1.7250638008117676 -1.4629727602005005 1.9225407838821411
v -1.3121955394744873 -1.5465178489685059 2.2182817459106445
v -1.7250635623931885 -1.4629729986190796 2.514468193054199
v -1.7250635623931885 -1.5465178489685059 2.2182822227478027
v -1.3121955394744873 -1.5465178489685059 2.2182817459106445
v -1.3121953010559082 -1.4629729986190796 2.514467716217041
v -1.7250635623931885 -1.4629729986190796 2.514468193054199
v -1.3121953010559082 -1.235674262046814 2.731048107147217
v -1.7250635623931885 -1.4629729986190796 2.514468193054199
v -1.3121953010559082 -1.4629729986190796 2.514467716217041
v -1.3121953010559082 -1.235674262046814 2.731048107147217
v -1.7250633239746094 -1.235674262046814 2.731048107147217
v -1.7250635623931885 -1.4629729986190796 2.514468193054199
v -1.3121953010559082 -1.235674262046814 2.731048107147217
v -1.7250633239746094 -0.9252973794937134 2.810209274291992
v -1.7250633239746094 -1.235674262046814 2.731048107147217
v -1.3121953010559082 -1.235674262046814 2.731048107147217
v -1.3121953010559082 -0.9252973794937134 2.810208797454834
v -1.7250633239746094 -0.9252973794937134 2.810209274291992
v -1.3121953010559082 -0.6144535541534424 2.731048107147217
v -1.7250633239746094 -0.9252973794937134 2.810209274291992
v -1.3121953010559082 -0.9252973794937134 2.810208797454834
v -1.3121953010559082 -0.6144535541534424 2.731048107147217
v -1.7250633239746094 -0.6144535541534424 2.731048583984375
v -1.7250633239746094 -0.9252973794937134 2.810209274291992
v -1.3121953010559082 -0.6144535541534424 2.731048107147217
v -1.7250635623931885 -0.38715481758117676 2.514468193054199
v -1.7250633239746094 -0.6144535541534424 2.731048583984375
v -1.3121953010559082 -0.6144535541534424 2.731048107147217
v -1.3121953010559082 -0.38715481758117676 2.514468193054199
v -1.7250635623931885 -0.38715481758117676 2.514468193054199
v -1.3121953010559082 -0.38715481758117676 2.514468193054199
v -1.3121955394744873 -0.3040764331817627 2.2182822227478027
v -1.7250635623931885 -0.38715481758117676 2.514468193054199
v -1.7250635623931885 -0.38715481758117676 2.514468193054199
v -1.3121955394744873 -0.3040764331817627 2.2182822227478027
v -1.7250635623931885 -0.3040764331817627 2.2182822227478027
vt 0.23408600687980652 0.27310097217559814
vt 0.23408600687980652 0.31211501359939575
vt 0.40246400237083435 0.27720701694488525
vt 0.23408600687980652 0.31211501359939575
vt 0.23408600687980652 0.27310097217559814
vt 0.06570799648761749 0.27720701694488525
vt 0.40246400237083435 0.27720701694488525
vt 0.23408600687980652 0.31211501359939575
vt 0.4147840142250061 0.31622201204299927
vt 0.05133499950170517 0.31622201204299927
vt 0.23408600687980652 0.31211501359939575
vt 0.06570799648761749 0.27720701694488525
vt 0.23408600687980652 0.31211501359939575
vt 0.23408600687980652 0.35729002952575684
vt 0.4147840142250061 0.31622201204299927
vt 0.23408600687980652 0.35729002952575684
vt 0.23408600687980652 0.31211501359939575
vt 0.05133499950170517 0.31622201204299927
vt 0.4147840142250061 0.31622201204299927
vt 0.23408600687980652 0.35729002952575684
vt 0.4209449887275696 0.35729002952575684
vt 0.04517500102519989 0.35729002952575684
vt 0.23408600687980652 0.35729002952575684
vt 0.05133499950170517 0.31622201204299927
vt 0.23408600687980652 0.35729002952575684
vt 0.23408600687980652 0.39219701290130615
vt 0.4209449887275696 0.35729002952575684
vt 0.23408600687980652 0.39219701290130615
vt 0.23408600687980652 0.35729002952575684
vt 0.04517500102519989 0.35729002952575684
vt 0.4209449887275696 0.35729002952575684
vt 0.23408600687980652 0.39219701290130615
vt 0.4209449887275696 0.3901439905166626
vt 0.04517500102519989 0.3901439905166626
vt 0.23408600687980652 0.39219701290130615
vt 0.04517500102519989 0.35729002952575684
vt 0.23408600687980652 0.39219701290130615
vt 0.23408600687980652 0.4004110097885132
vt 0.4209449887275696 0.3901439905166626
vt 0.23408600687980652 0.4004110097885132
vt 0.23408600687980652 0.39219701290130615
vt 0.04517500102519989 0.3901439905166626
vt 0.4209449887275696 0.3901439905166626
vt 0.23408600687980652 0.4004110097885132
vt 0.4209449887275696 0.39630401134490967
vt 0.04517500102519989 0.39630401134490967
vt 0.23408600687980652 0.4004110097885132
vt 0.04517500102519989 0.3901439905166626
vt 0.23408600687980652 0.4004110097885132
vt 0.4209449887275696 0.45790600776672363
vt 0.4209449887275696 0.39630401134490967
vt 0.04517500102519989 0.45790600776672363
vt 0.23408600687980652 0.4004110097885132
vt 0.04517500102519989 0.39630401134490967
vt 0.4209449887275696 0.45790600776672363
vt 0.23408600687980652 0.4004110097885132
vt 0.23408600687980652 0.46201199293136597
vt 0.23408600687980652 0.46201199293136597
vt 0.23408600687980652 0.4004110097885132
vt 0.04517500102519989 0.45790600776672363
vt 0.23408600687980652 0.4907599687576294
vt 0.4209449887275696 0.45790600776672363
vt 0.23408600687980652 0.46201199293136597
vt 0.23408600687980652 0.4907599687576294
vt 0.23408600687980652 0.46201199293136597
vt 0.04517500102519989 0.45790600776672363
vt 0.23408600687980652 0.4907599687576294
vt 0.40862399339675903 0.4866529703140259
vt 0.4209449887275696 0.45790600776672363
vt 0.23408600687980652 0.4907599687576294
vt 0.04517500102519989 0.45790600776672363
vt 0.05954800173640251 0.4866529703140259
vt 0.23408600687980652 0.4907599687576294
vt 0.23408600687980652 0.5995889902114868
vt 0.40862399339675903 0.4866529703140259
vt 0.23408600687980652 0.4907599687576294
vt 0.05954800173640251 0.4866529703140259
vt 0.23408600687980652 0.5995889902114868
vt 0.23408600687980652 0.5995889902114868
vt 0.3593429923057556 0.5852159857749939
vt 0.40862399339675903 0.4866529703140259
vt 0.10882999747991562 0.5852159857749939
vt 0.23408600687980652 0.5995889902114868
vt 0.05954800173640251 0.4866529703140259
vt 0.4106779992580414 0.22587299346923828
vt 0.41683799028396606 0.22997897863388062
vt 0.4106779992580414 0.22792601585388184
vt 0.41683799028396606 0.22997897863388062
vt 0.41683799028396606 0.25256699323654175
vt 0.41683799028396606 0.22997897863388062
vt 0.41683799028396606 0.25256699323654175
vt 0.41683799028396606 0.22997897863388062
vt 0.4209449887275696 0.22997897863388062
vt 0.4209449887275696 0.22997897863388062
vt 0.41683799028396606 0.22997897863388062
vt 0.4106779992580414 0.22587299346923828
vt 0.43326500058174133 0.22792601585388184
vt 0.4209449887275696 0.22997897863388062
vt 0.4106779992580414 0.22587299346923828
vt 0.026693999767303467 0.05749499797821045
vt 0.0698150023818016 0.04312098026275635
vt 0.026693999767303467 0.04312098026275635
vt 0.0698150023818016 0.04312098026275635
vt 0.026693999767303467 0.02874702215194702
vt 0.026693999767303467 0.04312098026275635
vt 0.06776200234889984 0.02874702215194702
vt 0.026693999767303467 0.02874702215194702
vt 0.0698150023818016 0.04312098026275635
vt 0.026693999767303467 0.05749499797821045
vt 0.0698150023818016 0.05544102191925049
vt 0.0698150023818016 0.04312098026275635
vt 0.026693999767303467 0.05749499797821045
vt 0.0698150023818016 0.06981498003005981
vt 0.0698150023818016 0.05544102191925049
vt 0.026693999767303467 0.05749499797821045
vt 0.026693999767303467 0.06981498003005981
vt 0.0698150023818016 0.06981498003005981
vt 0.026693999767303467 0.08418899774551392
vt 0.0698150023818016 0.06981498003005981
vt 0.026693999767303467 0.06981498003005981
vt 0.026693999767303467 0.08418899774551392
vt 0.0698150023818016 0.08418899774551392
vt 0.0698150023818016 0.06981498003005981
vt 0.026693999767303467 0.08418899774551392
vt 0.0698150023818016 0.09856301546096802
vt 0.0698150023818016 0.08418899774551392
vt 0.026693999767303467 0.08418899774551392
vt 0.026693999767303467 0.09856301546096802
vt 0.0698150023818016 0.09856301546096802
vt 0.026693999767303467 0.11293601989746094
vt 0.0698150023818016 0.09856301546096802
vt 0.026693999767303467 0.09856301546096802
vt 0.026693999767303467 0.11293601989746094
vt 0.0698150023818016 0.11293601989746094
vt 0.0698150023818016 0.09856301546096802
vt 0.026693999767303467 0.11293601989746094
vt 0.0698150023818016 0.12730997800827026
vt 0.0698150023818016 0.11293601989746094
vt 0.026693999767303467 0.11293601989746094
vt 0.026693999767303467 0.12730997800827026
vt 0.0698150023818016 0.12730997800827026
vt 0.026693999767303467 0.14168399572372437
vt 0.0698150023818016 0.12730997800827026
vt 0.026693999767303467 0.12730997800827026
vt 0.026693999767303467 0.14168399572372437
vt 0.0698150023818016 0.14168399572372437
vt 0.0698150023818016 0.12730997800827026
vt 0.026693999767303467 0.14168399572372437
vt 0.0698150023818016 0.15400397777557373
vt 0.0698150023818016 0.14168399572372437
vt 0.026693999767303467 0.14168399572372437
vt 0.026693999767303467 0.15605700016021729
vt 0.0698150023818016 0.15400397777557373
vt 0.026693999767303467 0.16837799549102783
vt 0.0698150023818016 0.15400397777557373
vt 0.026693999767303467 0.15605700016021729
vt 0.026693999767303467 0.16837799549102783
vt 0.0698150023818016 0.16837799549102783
vt 0.0698150023818016 0.15400397777557373
vt 0.026693999767303467 0.16837799549102783
vt 0.0698150023818016 0.18275201320648193
vt 0.0698150023818016 0.16837799549102783
vt 0.026693999767303467 0.16837799549102783
vt 0.026693999767303467 0.18275201320648193
vt 0.0698150023818016 0.18275201320648193
vt 0.026693999767303467 0.18275201320648193
vt 0.026693999767303467 0.19712501764297485
vt 0.0698150023818016 0.18275201320648193
vt 0.0698150023818016 0.18275201320648193
vt 0.026693999767303467 0.19712501764297485
vt 0.0698150023818016 0.19712501764297485
vt 0.8234090209007263 0.5770019888877869
vt 0.878849983215332 0.4866529703140259
vt 0.7043120265007019 0.5811089873313904
vt 0.7043120265007019 0.5811089873313904
vt 0.878849983215332 0.4866529703140259
vt 0.7043120265007019 0.4948669672012329
vt 0.878849983215332 0.4866529703140259
vt 0.8767970204353333 0.46817201375961304
vt 0.7043120265007019 0.4948669672012329
vt 0.7043120265007019 0.5811089873313904
vt 0.7043120265007019 0.4948669672012329
vt 0.531827986240387 0.4866529703140259
vt 0.5831620097160339 0.5770019888877869
vt 0.7043120265007019 0.5811089873313904
vt 0.531827986240387 0.4866529703140259
vt 0.531827986240387 0.4866529703140259
vt 0.7043120265007019 0.4948669672012329
vt 0.5338810086250305 0.46817201375961304
vt 0.7043120265007019 0.4948669672012329
vt 0.8767970204353333 0.46817201375961304
vt 0.7043120265007019 0.47843897342681885
vt 0.7043120265007019 0.4948669672012329
vt 0.7043120265007019 0.47843897342681885
vt 0.5338810086250305 0.46817201375961304
vt 0.8767970204353333 0.46817201375961304
vt 0.8850100040435791 0.4353179931640625
vt 0.7043120265007019 0.47843897342681885
vt 0.5338810086250305 0.46817201375961304
vt 0.7043120265007019 0.47843897342681885
vt 0.5256670117378235 0.4353179931640625
vt 0.7043120265007019 0.47843897342681885
vt 0.8850100040435791 0.4353179931640625
vt 0.8418890237808228 0.43737196922302246
vt 0.8850100040435791 0.4353179931640625
vt 0.9034910202026367 0.41273099184036255
vt 0.8418890237808228 0.43737196922302246
vt 0.7043120265007019 0.47843897342681885
vt 0.5728949904441833 0.43737196922302246
vt 0.5256670117378235 0.4353179931640625
vt 0.5256670117378235 0.4353179931640625
vt 0.5728949904441833 0.43737196922302246
vt 0.5051329731941223 0.41273099184036255
vt 0.7063660025596619 0.44147801399230957
vt 0.7043120265007019 0.47843897342681885
vt 0.8418890237808228 0.43737196922302246
vt 0.7063660025596619 0.44147801399230957
vt 0.5728949904441833 0.43737196922302246
vt 0.7043120265007019 0.47843897342681885
vt 0.8418890237808228 0.43737196922302246
vt 0.9034910202026367 0.41273099184036255
vt 0.8542090058326721 0.4147840142250061
vt 0.7063660025596619 0.44147801399230957
vt 0.8418890237808228 0.43737196922302246
vt 0.8542090058326721 0.4147840142250061
vt 0.9034910202026367 0.41273099184036255
vt 0.8418890237808228 0.3655030131340027
vt 0.8542090058326721 0.4147840142250061
vt 0.7063660025596619 0.44147801399230957
vt 0.8542090058326721 0.4147840142250061
vt 0.7043120265007019 0.4188910126686096
vt 0.5728949904441833 0.43737196922302246
vt 0.5585219860076904 0.4147840142250061
vt 0.5051329731941223 0.41273099184036255
vt 0.7063660025596619 0.44147801399230957
vt 0.5585219860076904 0.4147840142250061
vt 0.5728949904441833 0.43737196922302246
vt 0.7063660025596619 0.44147801399230957
vt 0.7043120265007019 0.4188910126686096
vt 0.5585219860076904 0.4147840142250061
vt 0.5051329731941223 0.41273099184036255
vt 0.5585219860076904 0.4147840142250061
vt 0.5564680099487305 0.3655030131340027
vt 0.8542090058326721 0.4147840142250061
vt 0.8418890237808228 0.3655030131340027
vt 0.6981520056724548 0.36755597591400146
vt 0.6981520056724548 0.36755597591400146
vt 0.7043120265007019 0.4188910126686096
vt 0.8542090058326721 0.4147840142250061
vt 0.5585219860076904 0.4147840142250061
vt 0.7043120265007019 0.4188910126686096
vt 0.6981520056724548 0.36755597591400146
vt 0.5585219860076904 0.4147840142250061
vt 0.6981520056724548 0.36755597591400146
vt 0.5564680099487305 0.3655030131340027
vt 0.8418890237808228 0.3655030131340027
vt 0.8418890237808228 0.3408620357513428
vt 0.6981520056724548 0.36755597591400146
vt 0.5564680099487305 0.3655030131340027
vt 0.6981520056724548 0.36755597591400146
vt 0.5564680099487305 0.3408620357513428
vt 0.6981520056724548 0.36755597591400146
vt 0.8418890237808228 0.3408620357513428
vt 0.6981520056724548 0.34291601181030273
vt 0.6981520056724548 0.36755597591400146
vt 0.6981520056724548 0.34291601181030273
vt 0.5564680099487305 0.3408620357513428
vt 0.8418890237808228 0.3408620357513428
vt 0.7002050280570984 0.29774099588394165
vt 0.6981520056724548 0.34291601181030273
vt 0.6981520056724548 0.34291601181030273
vt 0.7002050280570984 0.29774099588394165
vt 0.5564680099487305 0.3408620357513428
vt 0.7002050280570984 0.29774099588394165
vt 0.8418890237808228 0.3408620357513428
vt 0.848048985004425 0.2997950315475464
vt 0.7002050280570984 0.29774099588394165
vt 0.552361011505127 0.2997950315475464
vt 0.5564680099487305 0.3408620357513428
vt 0.8542090058326721 0.26693999767303467
vt 0.7002050280570984 0.29774099588394165
vt 0.848048985004425 0.2997950315475464
vt 0.7002050280570984 0.29774099588394165
vt 0.5462009906768799 0.26693999767303467
vt 0.552361011505127 0.2997950315475464
vt 0.7002050280570984 0.26283401250839233
vt 0.7002050280570984 0.29774099588394165
vt 0.8542090058326721 0.26693999767303467
vt 0.7002050280570984 0.26283401250839233
vt 0.5462009906768799 0.26693999767303467
vt 0.7002050280570984 0.29774099588394165
vt 0.7002050280570984 0.24845999479293823
vt 0.7002050280570984 0.26283401250839233
vt 0.8542090058326721 0.26693999767303467
vt 0.5462009906768799 0.26693999767303467
vt 0.7002050280570984 0.26283401250839233
vt 0.7002050280570984 0.24845999479293823
vt 0.8542090058326721 0.26693999767303467
vt 0.8809030055999756 0.250512957572937
vt 0.7002050280570984 0.24845999479293823
vt 0.5195069909095764 0.250512957572937
vt 0.5462009906768799 0.26693999767303467
vt 0.7002050280570984 0.24845999479293823
vt 0.3244349956512451 0.03285402059555054
vt 0.33675599098205566 0.11088299751281738
vt 0.22381900250911713 0.030800998210906982
vt 0.22381900250911713 0.030800998210906982
vt 0.33675599098205566 0.11088299751281738
vt 0.22381900250911713 0.11088299751281738
vt 0.33675599098205566 0.11088299751281738
vt 0.33675599098205566 0.18069803714752197
vt 0.22381900250911713 0.11088299751281738
vt 0.22381900250911713 0.030800998210906982
vt 0.22381900250911713 0.11088299751281738
vt 0.11088299751281738 0.11088299751281738
vt 0.22381900250911713 0.030800998210906982
vt 0.11088299751281738 0.11088299751281738
vt 0.12115000188350677 0.03285402059555054
vt 0.11088299751281738 0.11088299751281738
vt 0.22381900250911713 0.11088299751281738
vt 0.11088299751281738 0.18069803714752197
vt 0.22381900250911713 0.11088299751281738
vt 0.33675599098205566 0.18069803714752197
vt 0.22381900250911713 0.18069803714752197
vt 0.22381900250911713 0.11088299751281738
vt 0.22381900250911713 0.18069803714752197
vt 0.11088299751281738 0.18069803714752197
vt 0.33675599098205566 0.18069803714752197
vt 0.22381900250911713 0.24435299634933472
vt 0.22381900250911713 0.18069803714752197
vt 0.22381900250911713 0.18069803714752197
vt 0.22381900250911713 0.24435299634933472
vt 0.11088299751281738 0.18069803714752197
vt 0.22381900250911713 0.24435299634933472
vt 0.33675599098205566 0.18069803714752197
vt 0.33675599098205566 0.24230003356933594
vt 0.22381900250911713 0.24435299634933472
vt 0.11088299751281738 0.24230003356933594
vt 0.11088299751281738 0.18069803714752197
vt 0.48870599269866943 0.4846000075340271
vt 0.48870599269866943 0.47638601064682007
vt 0.48870599269866943 0.4948669672012329
vt 0.48870599269866943 0.47638601064682007
vt 0.4948669970035553 0.4948669672012329
vt 0.48870599269866943 0.4948669672012329
vt 0.48870599269866943 0.4948669672012329
vt 0.4948669970035553 0.4948669672012329
vt 0.4948669970035553 0.49897301197052
vt 0.4948669970035553 0.4948669672012329
vt 0.5030800104141235 0.49897301197052
vt 0.4948669970035553 0.49897301197052
vt 0.5153999924659729 0.49897301197052
vt 0.5030800104141235 0.49897301197052
vt 0.4948669970035553 0.4948669672012329
vt 0.4948669970035553 0.47638601064682007
vt 0.4948669970035553 0.4948669672012329
vt 0.48870599269866943 0.47638601064682007
vt 0.48870599269866943 0.47638601064682007
vt 0.5030800104141235 0.470225989818573
vt 0.4948669970035553 0.47638601064682007
vt 0.4948669970035553 0.470225989818573
vt 0.5030800104141235 0.470225989818573
vt 0.48870599269866943 0.47638601064682007
vt 0.5030800104141235 0.470225989818573
vt 0.5092399716377258 0.47638601064682007
vt 0.4948669970035553 0.47638601064682007
vt 0.5092399716377258 0.47638601064682007
vt 0.4948669970035553 0.4948669672012329
vt 0.4948669970035553 0.47638601064682007
vt 0.5153999924659729 0.470225989818573
vt 0.5092399716377258 0.47638601064682007
vt 0.5030800104141235 0.470225989818573
vt 0.5092399716377258 0.4948669672012329
vt 0.5153999924659729 0.49897301197052
vt 0.4948669970035553 0.4948669672012329
vt 0.5092399716377258 0.47638601064682007
vt 0.5092399716377258 0.4948669672012329
vt 0.4948669970035553 0.4948669672012329
vt 0.5215610265731812 0.4846000075340271
vt 0.5153999924659729 0.49897301197052
vt 0.5092399716377258 0.4948669672012329
vt 0.5092399716377258 0.47638601064682007
vt 0.5215610265731812 0.4846000075340271
vt 0.5092399716377258 0.4948669672012329
vt 0.5153999924659729 0.470225989818573
vt 0.5215610265731812 0.4846000075340271
vt 0.5092399716377258 0.47638601064682007
vt 0.5153999924659729 0.49897301197052
vt 0.5215610265731812 0.4846000075340271
vt 0.5195069909095764 0.4948669672012329
vt 0.5215610265731812 0.4846000075340271
vt 0.5153999924659729 0.470225989818573
vt 0.5195069909095764 0.47638601064682007
vt 0.16837799549102783 0.8275150060653687
vt 0.18275199830532074 0.8110880255699158
vt 0.8049280047416687 0.8726900219917297
vt 0.8049280047416687 0.8726900219917297
vt 0.18275199830532074 0.8110880255699158
vt 0.8213549852371216 0.8562629818916321
vt 0.16837799549102783 0.8275150060653687
vt 0.8049280047416687 0.8726900219917297
vt 0.18275199830532074 0.8110880255699158
vt 0.18275199830532074 0.8110880255699158
vt 0.8049280047416687 0.8726900219917297
vt 0.8213549852371216 0.8562629818916321
vt 0.7535930275917053 0.6858320236206055
vt 0.7535930275917053 0.7515400052070618
vt 0.7885010242462158 0.7433260083198547
vt 0.7535930275917053 0.6858320236206055
vt 0.7186859846115112 0.7433260083198547
vt 0.7535930275917053 0.7515400052070618
vt 0.7535930275917053 0.6858320236206055
vt 0.7885010242462158 0.7433260083198547
vt 0.8131420016288757 0.7186859846115112
vt 0.7535930275917053 0.6858320236206055
vt 0.6940450072288513 0.7186859846115112
vt 0.7186859846115112 0.7433260083198547
vt 0.7535930275917053 0.6858320236206055
vt 0.8131420016288757 0.7186859846115112
vt 0.8234090209007263 0.6858320236206055
vt 0.7535930275917053 0.6858320236206055
vt 0.6837779879570007 0.6858320236206055
vt 0.6940450072288513 0.7186859846115112
vt 0.7535930275917053 0.6858320236206055
vt 0.8234090209007263 0.6858320236206055
vt 0.8131420016288757 0.650924026966095
vt 0.7535930275917053 0.6858320236206055
vt 0.6940450072288513 0.650924026966095
vt 0.6837779879570007 0.6858320236206055
vt 0.7535930275917053 0.6858320236206055
vt 0.8131420016288757 0.650924026966095
vt 0.7885010242462158 0.6262829899787903
vt 0.7535930275917053 0.6858320236206055
vt 0.7186859846115112 0.6262829899787903
vt 0.6940450072288513 0.650924026966095
vt 0.7535930275917053 0.6858320236206055
vt 0.7885010242462158 0.6262829899787903
vt 0.7535930275917053 0.6180700063705444
vt 0.7535930275917053 0.6858320236206055
vt 0.7535930275917053 0.6180700063705444
vt 0.7186859846115112 0.6262829899787903
vt 0.7535930275917053 0.6858320236206055
vt 0.7535930275917053 0.7515400052070618
vt 0.7885010242462158 0.7433260083198547
vt 0.7535930275917053 0.6858320236206055
vt 0.7186859846115112 0.7433260083198547
vt 0.7535930275917053 0.7515400052070618
vt 0.7535930275917053 0.6858320236206055
vt 0.7885010242462158 0.7433260083198547
vt 0.8131420016288757 0.7186859846115112
vt 0.7535930275917053 0.6858320236206055
vt 0.6940450072288513 0.7186859846115112
vt 0.7186859846115112 0.7433260083198547
vt 0.7535930275917053 0.6858320236206055
vt 0.8131420016288757 0.7186859846115112
vt 0.8234090209007263 0.6858320236206055
vt 0.7535930275917053 0.6858320236206055
vt 0.6837779879570007 0.6858320236206055
vt 0.6940450072288513 0.7186859846115112
vt 0.7535930275917053 0.6858320236206055
vt 0.8234090209007263 0.6858320236206055
vt 0.8131420016288757 0.650924026966095
vt 0.7535930275917053 0.6858320236206055
vt 0.6940450072288513 0.650924026966095
vt 0.6837779879570007 0.6858320236206055
vt 0.7535930275917053 0.6858320236206055
vt 0.8131420016288757 0.650924026966095
vt 0.7885010242462158 0.6262829899787903
vt 0.7535930275917053 0.6858320236206055
vt 0.7186859846115112 0.6262829899787903
vt 0.6940450072288513 0.650924026966095
vt 0.7535930275917053 0.6858320236206055
vt 0.7885010242462158 0.6262829899787903
vt 0.7535930275917053 0.6180700063705444
vt 0.7535930275917053 0.6858320236206055
vt 0.7535930275917053 0.6180700063705444
vt 0.7186859846115112 0.6262829899787903
vt 0.7535930275917053 0.6858320236206055
vt 0.7885010242462158 0.7433260083198547
vt 0.7535930275917053 0.7515400052070618
vt 0.7535930275917053 0.6858320236206055
vt 0.8131420016288757 0.7186859846115112
vt 0.7885010242462158 0.7433260083198547
vt 0.7535930275917053 0.6858320236206055
vt 0.7535930275917053 0.7515400052070618
vt 0.7186859846115112 0.7433260083198547
vt 0.7535930275917053 0.6858320236206055
vt 0.8234090209007263 0.6858320236206055
vt 0.8131420016288757 0.7186859846115112
vt 0.7535930275917053 0.6858320236206055
vt 0.7186859846115112 0.7433260083198547
vt 0.6940450072288513 0.7186859846115112
vt 0.7535930275917053 0.6858320236206055
vt 0.8131420016288757 0.650924026966095
vt 0.8234090209007263 0.6858320236206055
vt 0.7535930275917053 0.6858320236206055
vt 0.6940450072288513 0.7186859846115112
vt 0.6837779879570007 0.6858320236206055
vt 0.7535930275917053 0.6858320236206055
vt 0.7885010242462158 0.6262829899787903
vt 0.8131420016288757 0.650924026966095
vt 0.7535930275917053 0.6858320236206055
vt 0.6837779879570007 0.6858320236206055
vt 0.6940450072288513 0.650924026966095
vt 0.7535930275917053 0.6858320236206055
vt 0.7535930275917053 0.6180700063705444
vt 0.7885010242462158 0.6262829899787903
vt 0.7535930275917053 0.6858320236206055
vt 0.6940450072288513 0.650924026966095
vt 0.7186859846115112 0.6262829899787903
vt 0.7535930275917053 0.6858320236206055
vt 0.7186859846115112 0.6262829899787903
vt 0.7535930275917053 0.6180700063705444
vt 0.7535930275917053 0.6858320236206055
vt 0.7885010242462158 0.7433260083198547
vt 0.7535930275917053 0.7515400052070618
vt 0.7535930275917053 0.6858320236206055
vt 0.8131420016288757 0.7186859846115112
vt 0.7885010242462158 0.7433260083198547
vt 0.7535930275917053 0.6858320236206055
vt 0.7535930275917053 0.7515400052070618
vt 0.7186859846115112 0.7433260083198547
vt 0.7535930275917053 0.6858320236206055
vt 0.8234090209007263 0.6858320236206055
vt 0.8131420016288757 0.7186859846115112
vt 0.7535930275917053 0.6858320236206055
vt 0.7186859846115112 0.7433260083198547
vt 0.6940450072288513 0.7186859846115112
vt 0.7535930275917053 0.6858320236206055
vt 0.8131420016288757 0.650924026966095
vt 0.8234090209007263 0.6858320236206055
vt 0.7535930275917053 0.6858320236206055
vt 0.6940450072288513 0.7186859846115112
vt 0.6837779879570007 0.6858320236206055
vt 0.7535930275917053 0.6858320236206055
vt 0.7885010242462158 0.6262829899787903
vt 0.8131420016288757 0.650924026966095
vt 0.7535930275917053 0.6858320236206055
vt 0.6837779879570007 0.6858320236206055
vt 0.6940450072288513 0.650924026966095
vt 0.7535930275917053 0.6858320236206055
vt 0.7535930275917053 0.6180700063705444
vt 0.7885010242462158 0.6262829899787903
vt 0.7535930275917053 0.6858320236206055
vt 0.6940450072288513 0.650924026966095
vt 0.7186859846115112 0.6262829899787903
vt 0.7535930275917053 0.6858320236206055
vt 0.7186859846115112 0.6262829899787903
vt 0.7535930275917053 0.6180700063705444
vt 0.5195069909095764 0.47638601064682007
vt 0.5153999924659729 0.470225989818573
vt 0.5215610265731812 0.4846000075340271
vt 0.5153999924659729 0.470225989818573
vt 0.5092399716377258 0.47638601064682007
vt 0.5215610265731812 0.4846000075340271
vt 0.5153999924659729 0.470225989818573
vt 0.5030800104141235 0.470225989818573
vt 0.5092399716377258 0.47638601064682007
vt 0.5215610265731812 0.4846000075340271
vt 0.5092399716377258 0.47638601064682007
vt 0.5092399716377258 0.4948669672012329
vt 0.5215610265731812 0.4846000075340271
vt 0.5092399716377258 0.4948669672012329
vt 0.5153999924659729 0.49897301197052
vt 0.5153999924659729 0.49897301197052
vt 0.5195069909095764 0.4948669672012329
vt 0.5215610265731812 0.4846000075340271
vt 0.5092399716377258 0.4948669672012329
vt 0.4948669970035553 0.4948669672012329
vt 0.5153999924659729 0.49897301197052
vt 0.5092399716377258 0.47638601064682007
vt 0.4948669970035553 0.4948669672012329
vt 0.5092399716377258 0.4948669672012329
vt 0.4948669970035553 0.4948669672012329
vt 0.5030800104141235 0.49897301197052
vt 0.5153999924659729 0.49897301197052
vt 0.5092399716377258 0.47638601064682007
vt 0.5030800104141235 0.470225989818573
vt 0.4948669970035553 0.47638601064682007
vt 0.4948669970035553 0.47638601064682007
vt 0.4948669970035553 0.4948669672012329
vt 0.5092399716377258 0.47638601064682007
vt 0.4948669970035553 0.49897301197052
vt 0.5030800104141235 0.49897301197052
vt 0.4948669970035553 0.4948669672012329
vt 0.5030800104141235 0.470225989818573
vt 0.48870599269866943 0.47638601064682007
vt 0.4948669970035553 0.47638601064682007
vt 0.48870599269866943 0.47638601064682007
vt 0.4948669970035553 0.4948669672012329
vt 0.4948669970035553 0.47638601064682007
vt 0.4948669970035553 0.470225989818573
vt 0.48870599269866943 0.47638601064682007
vt 0.5030800104141235 0.470225989818573
vt 0.48870599269866943 0.4948669672012329
vt 0.4948669970035553 0.49897301197052
vt 0.4948669970035553 0.4948669672012329
vt 0.4948669970035553 0.4948669672012329
vt 0.48870599269866943 0.47638601064682007
vt 0.48870599269866943 0.4948669672012329
vt 0.8439429998397827 0.7700210213661194
vt 0.8357290029525757 0.7351130247116089
vt 0.8439429998397827 0.7351130247116089
vt 0.8439429998397827 0.7351130247116089
vt 0.8357290029525757 0.7351130247116089
vt 0.8377820253372192 0.6981520056724548
vt 0.8336759805679321 0.7535930275917053
vt 0.8357290029525757 0.7351130247116089
vt 0.8439429998397827 0.7700210213661194
vt 0.8377820253372192 0.7864480018615723
vt 0.8336759805679321 0.7535930275917053
vt 0.8439429998397827 0.7700210213661194
vt 0.8357290029525757 0.7351130247116089
vt 0.8336759805679321 0.7535930275917053
vt 0.8295689821243286 0.7392200231552124
vt 0.8193020224571228 0.7802870273590088
vt 0.8336759805679321 0.7535930275917053
vt 0.8377820253372192 0.7864480018615723
vt 0.8336759805679321 0.7535930275917053
vt 0.8193020224571228 0.7802870273590088
vt 0.8295689821243286 0.7392200231552124
vt 0.8295689821243286 0.6960989832878113
vt 0.8357290029525757 0.7351130247116089
vt 0.8295689821243286 0.7392200231552124
vt 0.8275150060653687 0.8028749823570251
vt 0.8193020224571228 0.7802870273590088
vt 0.8377820253372192 0.7864480018615723
vt 0.8295689821243286 0.7392200231552124
vt 0.8193020224571228 0.7802870273590088
vt 0.8069819808006287 0.7700210213661194
vt 0.8357290029525757 0.7351130247116089
vt 0.8316220045089722 0.6981520056724548
vt 0.8377820253372192 0.6981520056724548
vt 0.8295689821243286 0.6960989832878113
vt 0.8316220045089722 0.6981520056724548
vt 0.8357290029525757 0.7351130247116089
vt 0.8377820253372192 0.6981520056724548
vt 0.8316220045089722 0.6981520056724548
vt 0.8398360013961792 0.6940450072288513
vt 0.8316220045089722 0.6981520056724548
vt 0.8336759805679321 0.6960989832878113
vt 0.8398360013961792 0.6940450072288513
vt 0.8295689821243286 0.6960989832878113
vt 0.8336759805679321 0.6960989832878113
vt 0.8316220045089722 0.6981520056724548
vt 0.8295689821243286 0.6960989832878113
vt 0.8295689821243286 0.6940450072288513
vt 0.8336759805679321 0.6960989832878113
vt 0.8193020224571228 0.8069819808006287
vt 0.8193020224571228 0.7802870273590088
vt 0.8275150060653687 0.8028749823570251
vt 0.8193020224571228 0.7802870273590088
vt 0.7638599872589111 0.8069819808006287
vt 0.8069819808006287 0.7700210213661194
vt 0.8193020224571228 0.8069819808006287
vt 0.7638599872589111 0.8069819808006287
vt 0.8193020224571228 0.7802870273590088
vt 0.8069819808006287 0.7700210213661194
vt 0.7638599872589111 0.8069819808006287
vt 0.7597540020942688 0.7864480018615723
vt 0.8213549852371216 0.8562629818916321
vt 0.8193020224571228 0.8069819808006287
vt 0.8275150060653687 0.8028749823570251
vt 0.7638599872589111 0.8069819808006287
vt 0.8193020224571228 0.8069819808006287
vt 0.8213549852371216 0.8562629818916321
vt 0.8213549852371216 0.8562629818916321
vt 0.8275150060653687 0.8028749823570251
vt 0.8254619836807251 0.8562629818916321
vt 0.7638599872589111 0.8069819808006287
vt 0.7043120265007019 0.7679669857025146
vt 0.7597540020942688 0.7864480018615723
vt 0.8090350031852722 0.8767970204353333
vt 0.8213549852371216 0.8562629818916321
vt 0.8254619836807251 0.8562629818916321
vt 0.8049280047416687 0.8726900219917297
vt 0.8213549852371216 0.8562629818916321
vt 0.8090350031852722 0.8767970204353333
vt 0.7638599872589111 0.9609860181808472
vt 0.8049280047416687 0.8726900219917297
vt 0.8090350031852722 0.8767970204353333
vt 0.7597540020942688 0.9589319825172424
vt 0.8049280047416687 0.8726900219917297
vt 0.7638599872589111 0.9609860181808472
vt 0.7597540020942688 0.9589319825172424
vt 0.7638599872589111 0.9609860181808472
vt 0.622177004814148 0.9876800179481506
vt 0.8049280047416687 0.8726900219917297
vt 0.7597540020942688 0.9589319825172424
vt 0.23408600687980652 0.8829569816589355
vt 0.23408600687980652 0.8829569816589355
vt 0.7597540020942688 0.9589319825172424
vt 0.622177004814148 0.9876800179481506
vt 0.23408600687980652 0.8829569816589355
vt 0.622177004814148 0.9876800179481506
vt 0.3798770010471344 0.971252977848053
vt 0.3798770010471344 0.971252977848053
vt 0.622177004814148 0.9876800179481506
vt 0.49281299114227295 0.9897329807281494
vt 0.20328499376773834 0.8665300011634827
vt 0.8049280047416687 0.8726900219917297
vt 0.23408600687980652 0.8829569816589355
vt 0.16837799549102783 0.8275150060653687
vt 0.8049280047416687 0.8726900219917297
vt 0.20328499376773834 0.8665300011634827
vt 0.08829600363969803 0.8377820253372192
vt 0.16837799549102783 0.8275150060653687
vt 0.20328499376773834 0.8665300011634827
vt 0.0800819993019104 0.8213549852371216
vt 0.16837799549102783 0.8275150060653687
vt 0.08829600363969803 0.8377820253372192
vt 0.053387999534606934 0.8193020224571228
vt 0.0800819993019104 0.8213549852371216
vt 0.08829600363969803 0.8377820253372192
vt 0.03080100007355213 0.7802870273590088
vt 0.0800819993019104 0.8213549852371216
vt 0.053387999534606934 0.8193020224571228
vt 0.18275199830532074 0.8110880255699158
vt 0.16837799549102783 0.8275150060653687
vt 0.0800819993019104 0.8213549852371216
vt 0.07186900079250336 0.7823410034179688
vt 0.0800819993019104 0.8213549852371216
vt 0.03080100007355213 0.7802870273590088
vt 0.0800819993019104 0.8213549852371216
vt 0.14373700320720673 0.7864480018615723
vt 0.18275199830532074 0.8110880255699158
vt 0.08829600363969803 0.7700210213661194
vt 0.14373700320720673 0.7864480018615723
vt 0.0800819993019104 0.8213549852371216
vt 0.07186900079250336 0.7823410034179688
vt 0.08829600363969803 0.7700210213661194
vt 0.0800819993019104 0.8213549852371216
vt 0.14373700320720673 0.7864480018615723
vt 0.19301800429821014 0.7741270065307617
vt 0.18275199830532074 0.8110880255699158
vt 0.03080100007355213 0.7802870273590088
vt 0.041067998856306076 0.7577000260353088
vt 0.07186900079250336 0.7823410034179688
vt 0.041067998856306076 0.7577000260353088
vt 0.08829600363969803 0.7700210213661194
vt 0.07186900079250336 0.7823410034179688
vt 0.022586999461054802 0.7618070244789124
vt 0.041067998856306076 0.7577000260353088
vt 0.03080100007355213 0.7802870273590088
vt 0.06160200014710426 0.7186859846115112
vt 0.08829600363969803 0.7700210213661194
vt 0.041067998856306076 0.7577000260353088
vt 0.026693999767303467 0.7248460054397583
vt 0.041067998856306076 0.7577000260353088
vt 0.022586999461054802 0.7618070244789124
vt 0.039014000445604324 0.7227929830551147
vt 0.06160200014710426 0.7186859846115112
vt 0.041067998856306076 0.7577000260353088
vt 0.039014000445604324 0.7227929830551147
vt 0.041067998856306076 0.7577000260353088
vt 0.026693999767303467 0.7248460054397583
vt 0.024640999734401703 0.6919919848442078
vt 0.039014000445604324 0.7227929830551147
vt 0.026693999767303467 0.7248460054397583
vt 0.06365499645471573 0.6714580059051514
vt 0.06160200014710426 0.7186859846115112
vt 0.039014000445604324 0.7227929830551147
vt 0.04312099888920784 0.6776180267333984
vt 0.039014000445604324 0.7227929830551147
vt 0.024640999734401703 0.6919919848442078
vt 0.04312099888920784 0.6776180267333984
vt 0.06365499645471573 0.6714580059051514
vt 0.039014000445604324 0.7227929830551147
vt 0.06570799648761749 0.6673510074615479
vt 0.06365499645471573 0.6714580059051514
vt 0.04312099888920784 0.6776180267333984
vt 0.04312099888920784 0.6735110282897949
vt 0.06570799648761749 0.6673510074615479
vt 0.04312099888920784 0.6776180267333984
vt 0.18275199830532074 0.8110880255699158
vt 0.19301800429821014 0.7741270065307617
vt 0.21149900555610657 0.7843940258026123
vt 0.21149900555610657 0.7843940258026123
vt 0.8213549852371216 0.8562629818916321
vt 0.18275199830532074 0.8110880255699158
vt 0.19301800429821014 0.7741270065307617
vt 0.23203299939632416 0.7330600023269653
vt 0.21149900555610657 0.7843940258026123
vt 0.21149900555610657 0.7843940258026123
vt 0.7638599872589111 0.8069819808006287
vt 0.8213549852371216 0.8562629818916321
vt 0.21149900555610657 0.7843940258026123
vt 0.23203299939632416 0.7330600023269653
vt 0.2505129873752594 0.7330600023269653
vt 0.2505129873752594 0.7330600023269653
vt 0.7638599872589111 0.8069819808006287
vt 0.21149900555610657 0.7843940258026123
vt 0.23203299939632416 0.7330600023269653
vt 0.24640700221061707 0.6776180267333984
vt 0.2505129873752594 0.7330600023269653
vt 0.7043120265007019 0.7679669857025146
vt 0.7638599872589111 0.8069819808006287
vt 0.2505129873752594 0.7330600023269653
vt 0.2505129873752594 0.7330600023269653
vt 0.24640700221061707 0.6776180267333984
vt 0.26078000664711 0.6776180267333984
vt 0.2505129873752594 0.7330600023269653
vt 0.26078000664711 0.6776180267333984
vt 0.7043120265007019 0.7679669857025146
vt 0.7043120265007019 0.7679669857025146
vt 0.26078000664711 0.6776180267333984
vt 0.6735110282897949 0.7268990278244019
vt 0.26078000664711 0.6776180267333984
vt 0.6652979850769043 0.6755650043487549
vt 0.6735110282897949 0.7268990278244019
vt 0.8398360013961792 0.6940450072288513
vt 0.8336759805679321 0.6960989832878113
vt 0.8316220045089722 0.6981520056724548
vt 0.8316220045089722 0.6981520056724548
vt 0.8377820253372192 0.6981520056724548
vt 0.8398360013961792 0.6940450072288513
vt 0.8336759805679321 0.6960989832878113
vt 0.8295689821243286 0.6960989832878113
vt 0.8316220045089722 0.6981520056724548
vt 0.8295689821243286 0.6960989832878113
vt 0.8336759805679321 0.6960989832878113
vt 0.8295689821243286 0.6940450072288513
vt 0.8357290029525757 0.7351130247116089
vt 0.8377820253372192 0.6981520056724548
vt 0.8316220045089722 0.6981520056724548
vt 0.8316220045089722 0.6981520056724548
vt 0.8295689821243286 0.6960989832878113
vt 0.8357290029525757 0.7351130247116089
vt 0.8357290029525757 0.7351130247116089
vt 0.8439429998397827 0.7351130247116089
vt 0.8377820253372192 0.6981520056724548
vt 0.8295689821243286 0.6960989832878113
vt 0.8295689821243286 0.7392200231552124
vt 0.8357290029525757 0.7351130247116089
vt 0.8357290029525757 0.7351130247116089
vt 0.8439429998397827 0.7700210213661194
vt 0.8439429998397827 0.7351130247116089
vt 0.8357290029525757 0.7351130247116089
vt 0.8336759805679321 0.7535930275917053
vt 0.8439429998397827 0.7700210213661194
vt 0.8357290029525757 0.7351130247116089
vt 0.8295689821243286 0.7392200231552124
vt 0.8336759805679321 0.7535930275917053
vt 0.8377820253372192 0.7864480018615723
vt 0.8439429998397827 0.7700210213661194
vt 0.8336759805679321 0.7535930275917053
vt 0.8295689821243286 0.7392200231552124
vt 0.8193020224571228 0.7802870273590088
vt 0.8336759805679321 0.7535930275917053
vt 0.8336759805679321 0.7535930275917053
vt 0.8193020224571228 0.7802870273590088
vt 0.8377820253372192 0.7864480018615723
vt 0.8193020224571228 0.7802870273590088
vt 0.8295689821243286 0.7392200231552124
vt 0.8069819808006287 0.7700210213661194
vt 0.8193020224571228 0.7802870273590088
vt 0.8275150060653687 0.8028749823570251
vt 0.8377820253372192 0.7864480018615723
vt 0.8193020224571228 0.7802870273590088
vt 0.8193020224571228 0.8069819808006287
vt 0.8275150060653687 0.8028749823570251
vt 0.7638599872589111 0.8069819808006287
vt 0.8193020224571228 0.7802870273590088
vt 0.8069819808006287 0.7700210213661194
vt 0.7638599872589111 0.8069819808006287
vt 0.8193020224571228 0.8069819808006287
vt 0.8193020224571228 0.7802870273590088
vt 0.7638599872589111 0.8069819808006287
vt 0.8069819808006287 0.7700210213661194
vt 0.7597540020942688 0.7864480018615723
vt 0.8275150060653687 0.8028749823570251
vt 0.8193020224571228 0.8069819808006287
vt 0.8213549852371216 0.8562629818916321
vt 0.7638599872589111 0.8069819808006287
vt 0.8213549852371216 0.8562629818916321
vt 0.8193020224571228 0.8069819808006287
vt 0.8275150060653687 0.8028749823570251
vt 0.8213549852371216 0.8562629818916321
vt 0.8254619836807251 0.8562629818916321
vt 0.7638599872589111 0.8069819808006287
vt 0.7597540020942688 0.7864480018615723
vt 0.7043120265007019 0.7679669857025146
vt 0.8254619836807251 0.8562629818916321
vt 0.8213549852371216 0.8562629818916321
vt 0.8090350031852722 0.8767970204353333
vt 0.8213549852371216 0.8562629818916321
vt 0.8049280047416687 0.8726900219917297
vt 0.8090350031852722 0.8767970204353333
vt 0.8090350031852722 0.8767970204353333
vt 0.8049280047416687 0.8726900219917297
vt 0.7638599872589111 0.9609860181808472
vt 0.8049280047416687 0.8726900219917297
vt 0.7597540020942688 0.9589319825172424
vt 0.7638599872589111 0.9609860181808472
vt 0.7638599872589111 0.9609860181808472
vt 0.7597540020942688 0.9589319825172424
vt 0.622177004814148 0.9876800179481506
vt 0.7597540020942688 0.9589319825172424
vt 0.8049280047416687 0.8726900219917297
vt 0.23408600687980652 0.8829569816589355
vt 0.622177004814148 0.9876800179481506
vt 0.7597540020942688 0.9589319825172424
vt 0.23408600687980652 0.8829569816589355
vt 0.23408600687980652 0.8829569816589355
vt 0.3798770010471344 0.971252977848053
vt 0.622177004814148 0.9876800179481506
vt 0.622177004814148 0.9876800179481506
vt 0.3798770010471344 0.971252977848053
vt 0.49281299114227295 0.9897329807281494
vt 0.23408600687980652 0.8829569816589355
vt 0.8049280047416687 0.8726900219917297
vt 0.20328499376773834 0.8665300011634827
vt 0.8049280047416687 0.8726900219917297
vt 0.16837799549102783 0.8275150060653687
vt 0.20328499376773834 0.8665300011634827
vt 0.20328499376773834 0.8665300011634827
vt 0.16837799549102783 0.8275150060653687
vt 0.08829600363969803 0.8377820253372192
vt 0.16837799549102783 0.8275150060653687
vt 0.0800819993019104 0.8213549852371216
vt 0.08829600363969803 0.8377820253372192
vt 0.08829600363969803 0.8377820253372192
vt 0.0800819993019104 0.8213549852371216
vt 0.053387999534606934 0.8193020224571228
vt 0.0800819993019104 0.8213549852371216
vt 0.03080100007355213 0.7802870273590088
vt 0.053387999534606934 0.8193020224571228
vt 0.16837799549102783 0.8275150060653687
vt 0.18275199830532074 0.8110880255699158
vt 0.0800819993019104 0.8213549852371216
vt 0.0800819993019104 0.8213549852371216
vt 0.07186900079250336 0.7823410034179688
vt 0.03080100007355213 0.7802870273590088
vt 0.0800819993019104 0.8213549852371216
vt 0.18275199830532074 0.8110880255699158
vt 0.14373700320720673 0.7864480018615723
vt 0.08829600363969803 0.7700210213661194
vt 0.0800819993019104 0.8213549852371216
vt 0.14373700320720673 0.7864480018615723
vt 0.07186900079250336 0.7823410034179688
vt 0.0800819993019104 0.8213549852371216
vt 0.08829600363969803 0.7700210213661194
vt 0.14373700320720673 0.7864480018615723
vt 0.18275199830532074 0.8110880255699158
vt 0.19301800429821014 0.7741270065307617
vt 0.03080100007355213 0.7802870273590088
vt 0.07186900079250336 0.7823410034179688
vt 0.041067998856306076 0.7577000260353088
vt 0.041067998856306076 0.7577000260353088
vt 0.07186900079250336 0.7823410034179688
vt 0.08829600363969803 0.7700210213661194
vt 0.041067998856306076 0.7577000260353088
vt 0.022586999461054802 0.7618070244789124
vt 0.03080100007355213 0.7802870273590088
vt 0.041067998856306076 0.7577000260353088
vt 0.08829600363969803 0.7700210213661194
vt 0.06160200014710426 0.7186859846115112
vt 0.026693999767303467 0.7248460054397583
vt 0.022586999461054802 0.7618070244789124
vt 0.041067998856306076 0.7577000260353088
vt 0.18275199830532074 0.8110880255699158
vt 0.21149900555610657 0.7843940258026123
vt 0.19301800429821014 0.7741270065307617
vt 0.8213549852371216 0.8562629818916321
vt 0.21149900555610657 0.7843940258026123
vt 0.18275199830532074 0.8110880255699158
vt 0.19301800429821014 0.7741270065307617
vt 0.21149900555610657 0.7843940258026123
vt 0.23203299939632416 0.7330600023269653
vt 0.7638599872589111 0.8069819808006287
vt 0.21149900555610657 0.7843940258026123
vt 0.8213549852371216 0.8562629818916321
vt 0.039014000445604324 0.7227929830551147
vt 0.026693999767303467 0.7248460054397583
vt 0.041067998856306076 0.7577000260353088
vt 0.039014000445604324 0.7227929830551147
vt 0.041067998856306076 0.7577000260353088
vt 0.06160200014710426 0.7186859846115112
vt 0.039014000445604324 0.7227929830551147
vt 0.024640999734401703 0.6919919848442078
vt 0.026693999767303467 0.7248460054397583
vt 0.039014000445604324 0.7227929830551147
vt 0.06160200014710426 0.7186859846115112
vt 0.06365499645471573 0.6714580059051514
vt 0.039014000445604324 0.7227929830551147
vt 0.04312099888920784 0.6776180267333984
vt 0.024640999734401703 0.6919919848442078
vt 0.039014000445604324 0.7227929830551147
vt 0.06365499645471573 0.6714580059051514
vt 0.04312099888920784 0.6776180267333984
vt 0.04312099888920784 0.6776180267333984
vt 0.06365499645471573 0.6714580059051514
vt 0.06570799648761749 0.6673510074615479
vt 0.04312099888920784 0.6776180267333984
vt 0.06570799648761749 0.6673510074615479
vt 0.04312099888920784 0.6735110282897949
vt 0.7638599872589111 0.8069819808006287
vt 0.2505129873752594 0.7330600023269653
vt 0.21149900555610657 0.7843940258026123
vt 0.21149900555610657 0.7843940258026123
vt 0.2505129873752594 0.7330600023269653
vt 0.23203299939632416 0.7330600023269653
vt 0.23203299939632416 0.7330600023269653
vt 0.2505129873752594 0.7330600023269653
vt 0.24640700221061707 0.6776180267333984
vt 0.7638599872589111 0.8069819808006287
vt 0.7043120265007019 0.7679669857025146
vt 0.2505129873752594 0.7330600023269653
vt 0.2505129873752594 0.7330600023269653
vt 0.26078000664711 0.6776180267333984
vt 0.24640700221061707 0.6776180267333984
vt 0.26078000664711 0.6776180267333984
vt 0.2505129873752594 0.7330600023269653
vt 0.7043120265007019 0.7679669857025146
vt 0.6735110282897949 0.7268990278244019
vt 0.26078000664711 0.6776180267333984
vt 0.7043120265007019 0.7679669857025146
vt 0.6652979850769043 0.6755650043487549
vt 0.26078000664711 0.6776180267333984
vt 0.6735110282897949 0.7268990278244019
vt 0.46817201375961304 0.6098560094833374
vt 0.44353199005126953 0.6119099855422974
vt 0.46817201375961304 0.6078029870986938
vt 0.44353199005126953 0.6119099855422974
vt 0.44353199005126953 0.6098560094833374
vt 0.46817201375961304 0.6078029870986938
vt 0.46817201375961304 0.6078029870986938
vt 0.44353199005126953 0.6098560094833374
vt 0.46817201375961304 0.5954830050468445
vt 0.44353199005126953 0.6098560094833374
vt 0.44353199005126953 0.597536027431488
vt 0.46817201375961304 0.5954830050468445
vt 0.44353199005126953 0.597536027431488
vt 0.44353199005126953 0.597536027431488
vt 0.46817201375961304 0.5954830050468445
vt 0.44353199005126953 0.597536027431488
vt 0.44353199005126953 0.6098560094833374
vt 0.46817201375961304 0.5954830050468445
vt 0.46817201375961304 0.5954830050468445
vt 0.44353199005126953 0.6098560094833374
vt 0.46817201375961304 0.6078029870986938
vt 0.44353199005126953 0.6098560094833374
vt 0.44353199005126953 0.6119099855422974
vt 0.46817201375961304 0.6078029870986938
vt 0.46817201375961304 0.6078029870986938
vt 0.44353199005126953 0.6119099855422974
vt 0.46817201375961304 0.6098560094833374
vt 0.0698150023818016 0.04312098026275635
vt 0.026693999767303467 0.02874702215194702
vt 0.06776200234889984 0.02874702215194702
vt 0.0698150023818016 0.04312098026275635
vt 0.026693999767303467 0.04312098026275635
vt 0.026693999767303467 0.02874702215194702
vt 0.0698150023818016 0.04312098026275635
vt 0.026693999767303467 0.05749499797821045
vt 0.026693999767303467 0.04312098026275635
vt 0.0698150023818016 0.04312098026275635
vt 0.0698150023818016 0.05544102191925049
vt 0.026693999767303467 0.05749499797821045
vt 0.0698150023818016 0.06981498003005981
vt 0.026693999767303467 0.05749499797821045
vt 0.0698150023818016 0.05544102191925049
vt 0.0698150023818016 0.06981498003005981
vt 0.026693999767303467 0.06981498003005981
vt 0.026693999767303467 0.05749499797821045
vt 0.0698150023818016 0.06981498003005981
vt 0.026693999767303467 0.08418899774551392
vt 0.026693999767303467 0.06981498003005981
vt 0.0698150023818016 0.06981498003005981
vt 0.0698150023818016 0.08418899774551392
vt 0.026693999767303467 0.08418899774551392
vt 0.0698150023818016 0.09856301546096802
vt 0.026693999767303467 0.08418899774551392
vt 0.0698150023818016 0.08418899774551392
vt 0.0698150023818016 0.09856301546096802
vt 0.026693999767303467 0.09856301546096802
vt 0.026693999767303467 0.08418899774551392
vt 0.0698150023818016 0.09856301546096802
vt 0.026693999767303467 0.11293601989746094
vt 0.026693999767303467 0.09856301546096802
vt 0.0698150023818016 0.09856301546096802
vt 0.0698150023818016 0.11293601989746094
vt 0.026693999767303467 0.11293601989746094
vt 0.0698150023818016 0.12730997800827026
vt 0.026693999767303467 0.11293601989746094
vt 0.0698150023818016 0.11293601989746094
vt 0.0698150023818016 0.12730997800827026
vt 0.026693999767303467 0.12730997800827026
vt 0.026693999767303467 0.11293601989746094
vt 0.0698150023818016 0.12730997800827026
vt 0.026693999767303467 0.14168399572372437
vt 0.026693999767303467 0.12730997800827026
vt 0.0698150023818016 0.12730997800827026
vt 0.0698150023818016 0.14168399572372437
vt 0.026693999767303467 0.14168399572372437
vt 0.0698150023818016 0.15400397777557373
vt 0.026693999767303467 0.14168399572372437
vt 0.0698150023818016 0.14168399572372437
vt 0.0698150023818016 0.15400397777557373
vt 0.026693999767303467 0.15605700016021729
vt 0.026693999767303467 0.14168399572372437
vt 0.0698150023818016 0.15400397777557373
vt 0.026693999767303467 0.16837799549102783
vt 0.026693999767303467 0.15605700016021729
vt 0.0698150023818016 0.15400397777557373
vt 0.0698150023818016 0.16837799549102783
vt 0.026693999767303467 0.16837799549102783
vt 0.0698150023818016 0.18275201320648193
vt 0.026693999767303467 0.16837799549102783
vt 0.0698150023818016 0.16837799549102783
vt 0.0698150023818016 0.18275201320648193
vt 0.026693999767303467 0.18275201320648193
vt 0.026693999767303467 0.16837799549102783
vt 0.0698150023818016 0.18275201320648193
vt 0.026693999767303467 0.19712501764297485
vt 0.026693999767303467 0.18275201320648193
vt 0.0698150023818016 0.18275201320648193
vt 0.0698150023818016 0.19712501764297485
vt 0.026693999767303467 0.19712501764297485
vt 0.39630401134490967 0.22997897863388062
vt 0.4147840142250061 0.22997897863388062
vt 0.39630401134490967 0.22997897863388062
vt 0.39630401134490967 0.22997897863388062
vt 0.4147840142250061 0.22997897863388062
vt 0.4147840142250061 0.22997897863388062
vt 0.4147840142250061 0.22997897863388062
vt 0.4147840142250061 0.22997897863388062
vt 0.4353179931640625 0.22997897863388062
vt 0.4147840142250061 0.22997897863388062
vt 0.4353179931640625 0.22997897863388062
vt 0.4353179931640625 0.22997897863388062
vt 0.39630401134490967 0.22997897863388062
vt 0.4147840142250061 0.22997897863388062
vt 0.3942509889602661 0.22997897863388062
vt 0.43737199902534485 0.22997897863388062
vt 0.4147840142250061 0.22997897863388062
vt 0.4353179931640625 0.22997897863388062
vt 0.4147840142250061 0.22997897863388062
vt 0.4147840142250061 0.23203301429748535
vt 0.3942509889602661 0.22997897863388062
vt 0.4147840142250061 0.23203301429748535
vt 0.4147840142250061 0.22997897863388062
vt 0.43737199902534485 0.22997897863388062
vt 0.3942509889602661 0.22997897863388062
vt 0.4147840142250061 0.23203301429748535
vt 0.3942509889602661 0.2340860366821289
vt 0.43737199902534485 0.2340860366821289
vt 0.4147840142250061 0.23203301429748535
vt 0.43737199902534485 0.22997897863388062
vt 0.4147840142250061 0.23203301429748535
vt 0.4147840142250061 0.2340860366821289
vt 0.3942509889602661 0.2340860366821289
vt 0.4147840142250061 0.2340860366821289
vt 0.4147840142250061 0.23203301429748535
vt 0.43737199902534485 0.2340860366821289
vt 0.3942509889602661 0.2340860366821289
vt 0.4147840142250061 0.2340860366821289
vt 0.3942509889602661 0.23614001274108887
vt 0.43737199902534485 0.23614001274108887
vt 0.4147840142250061 0.2340860366821289
vt 0.43737199902534485 0.2340860366821289
vt 0.4147840142250061 0.2340860366821289
vt 0.4147840142250061 0.23614001274108887
vt 0.3942509889602661 0.23614001274108887
vt 0.4147840142250061 0.23614001274108887
vt 0.4147840142250061 0.2340860366821289
vt 0.43737199902534485 0.23614001274108887
vt 0.3942509889602661 0.23614001274108887
vt 0.4147840142250061 0.23614001274108887
vt 0.39630401134490967 0.23614001274108887
vt 0.4353179931640625 0.23614001274108887
vt 0.4147840142250061 0.23614001274108887
vt 0.43737199902534485 0.23614001274108887
vt 0.4147840142250061 0.23614001274108887
vt 0.4147840142250061 0.23614001274108887
vt 0.39630401134490967 0.23614001274108887
vt 0.4147840142250061 0.23614001274108887
vt 0.4147840142250061 0.23614001274108887
vt 0.4353179931640625 0.23614001274108887
vt 0.39630401134490967 0.23614001274108887
vt 0.4147840142250061 0.23614001274108887
vt 0.39630401134490967 0.23819303512573242
vt 0.4353179931640625 0.23819303512573242
vt 0.4147840142250061 0.23614001274108887
vt 0.4353179931640625 0.23614001274108887
vt 0.4147840142250061 0.23614001274108887
vt 0.4147840142250061 0.23819303512573242
vt 0.39630401134490967 0.23819303512573242
vt 0.4147840142250061 0.23819303512573242
vt 0.4147840142250061 0.23614001274108887
vt 0.4353179931640625 0.23819303512573242
vt 0.39630401134490967 0.23819303512573242
vt 0.4147840142250061 0.23819303512573242
vt 0.39835700392723083 0.23819303512573242
vt 0.43326500058174133 0.23819303512573242
vt 0.4147840142250061 0.23819303512573242
vt 0.4353179931640625 0.23819303512573242
vt 0.4147840142250061 0.23819303512573242
vt 0.4147840142250061 0.23819303512573242
vt 0.39835700392723083 0.23819303512573242
vt 0.4147840142250061 0.23819303512573242
vt 0.4147840142250061 0.23819303512573242
vt 0.43326500058174133 0.23819303512573242
vt 0.39835700392723083 0.23819303512573242
vt 0.4147840142250061 0.23819303512573242
vt 0.39835700392723083 0.2546199560165405
vt 0.43326500058174133 0.2546199560165405
vt 0.4147840142250061 0.23819303512573242
vt 0.43326500058174133 0.23819303512573242
vt 0.4147840142250061 0.23819303512573242
vt 0.4147840142250061 0.2546199560165405
vt 0.39835700392723083 0.2546199560165405
vt 0.4147840142250061 0.2546199560165405
vt 0.4147840142250061 0.23819303512573242
vt 0.43326500058174133 0.2546199560165405
vt 0.39835700392723083 0.2546199560165405
vt 0.4147840142250061 0.2546199560165405
vt 0.4147840142250061 0.25667399168014526
vt 0.4147840142250061 0.2546199560165405
vt 0.43326500058174133 0.2546199560165405
vt 0.4147840142250061 0.25667399168014526
vt 0.39630401134490967 0.25667399168014526
vt 0.39835700392723083 0.2546199560165405
vt 0.4147840142250061 0.25667399168014526
vt 0.4147840142250061 0.25667399168014526
vt 0.43326500058174133 0.2546199560165405
vt 0.4353179931640625 0.25667399168014526
vt 0.4147840142250061 0.25667399168014526
vt 0.4147840142250061 0.25667399168014526
vt 0.39630401134490967 0.25667399168014526
vt 0.4147840142250061 0.25667399168014526
vt 0.4147840142250061 0.25667399168014526
vt 0.4353179931640625 0.25667399168014526
vt 0.39630401134490967 0.25667399168014526
vt 0.4147840142250061 0.25667399168014526
vt 0.39630401134490967 0.25667399168014526
vt 0.4353179931640625 0.25667399168014526
vt 0.4147840142250061 0.25667399168014526
vt 0.4353179931640625 0.25667399168014526
vt 0.4147840142250061 0.25667399168014526
vt 0.4147840142250061 0.2587270140647888
vt 0.39630401134490967 0.25667399168014526
vt 0.4147840142250061 0.2587270140647888
vt 0.4147840142250061 0.25667399168014526
vt 0.4353179931640625 0.25667399168014526
vt 0.39630401134490967 0.25667399168014526
vt 0.4147840142250061 0.2587270140647888
vt 0.3942509889602661 0.2587270140647888
vt 0.43737199902534485 0.2587270140647888
vt 0.4147840142250061 0.2587270140647888
vt 0.4353179931640625 0.25667399168014526
vt 0.4147840142250061 0.2587270140647888
vt 0.4147840142250061 0.2607799768447876
vt 0.3942509889602661 0.2587270140647888
vt 0.4147840142250061 0.2607799768447876
vt 0.4147840142250061 0.2587270140647888
vt 0.43737199902534485 0.2587270140647888
vt 0.3942509889602661 0.2587270140647888
vt 0.4147840142250061 0.2607799768447876
vt 0.3942509889602661 0.2607799768447876
vt 0.43737199902534485 0.2607799768447876
vt 0.4147840142250061 0.2607799768447876
vt 0.43737199902534485 0.2587270140647888
vt 0.4147840142250061 0.2607799768447876
vt 0.4147840142250061 0.26283401250839233
vt 0.3942509889602661 0.2607799768447876
vt 0.4147840142250061 0.26283401250839233
vt 0.4147840142250061 0.2607799768447876
vt 0.43737199902534485 0.2607799768447876
vt 0.3942509889602661 0.2607799768447876
vt 0.4147840142250061 0.26283401250839233
vt 0.39630401134490967 0.26283401250839233
vt 0.4353179931640625 0.26283401250839233
vt 0.4147840142250061 0.26283401250839233
vt 0.43737199902534485 0.2607799768447876
vt 0.4147840142250061 0.26283401250839233
vt 0.39630401134490967 0.26283401250839233
vt 0.39630401134490967 0.26283401250839233
vt 0.4353179931640625 0.26283401250839233
vt 0.4147840142250061 0.26283401250839233
vt 0.4353179931640625 0.26283401250839233
vt 0.39630401134490967 0.26283401250839233
vt 0.4147840142250061 0.26283401250839233
vt 0.4147840142250061 0.26283401250839233
vt 0.4147840142250061 0.26283401250839233
vt 0.4147840142250061 0.26283401250839233
vt 0.4353179931640625 0.26283401250839233
vt 0.50102698802948 0.47638601064682007
vt 0.5030800104141235 0.470225989818573
vt 0.507187008857727 0.47638601064682007
vt 0.507187008857727 0.47638601064682007
vt 0.5030800104141235 0.470225989818573
vt 0.5195069909095764 0.47638601064682007
vt 0.5030800104141235 0.470225989818573
vt 0.5153999924659729 0.470225989818573
vt 0.5195069909095764 0.47638601064682007
vt 0.50102698802948 0.47638601064682007
vt 0.4948669970035553 0.470225989818573
vt 0.5030800104141235 0.470225989818573
vt 0.5195069909095764 0.4948669672012329
vt 0.5195069909095764 0.47638601064682007
vt 0.5215610265731812 0.4846000075340271
vt 0.48870599269866943 0.4846000075340271
vt 0.4948669970035553 0.470225989818573
vt 0.50102698802948 0.47638601064682007
vt 0.4948669970035553 0.470225989818573
vt 0.48870599269866943 0.4846000075340271
vt 0.48870599269866943 0.47638601064682007
vt 0.48870599269866943 0.47638601064682007
vt 0.48870599269866943 0.4846000075340271
vt 0.48870599269866943 0.4948669672012329
vt 0.50102698802948 0.4948669672012329
vt 0.48870599269866943 0.4846000075340271
vt 0.50102698802948 0.47638601064682007
vt 0.48870599269866943 0.4846000075340271
vt 0.4948669970035553 0.49897301197052
vt 0.48870599269866943 0.4948669672012329
vt 0.4948669970035553 0.49897301197052
vt 0.48870599269866943 0.4846000075340271
vt 0.50102698802948 0.4948669672012329
vt 0.507187008857727 0.4948669672012329
vt 0.4948669970035553 0.49897301197052
vt 0.50102698802948 0.4948669672012329
vt 0.507187008857727 0.4948669672012329
vt 0.5195069909095764 0.4948669672012329
vt 0.5153999924659729 0.49897301197052
vt 0.5030800104141235 0.49897301197052
vt 0.4948669970035553 0.49897301197052
vt 0.507187008857727 0.4948669672012329
vt 0.5153999924659729 0.49897301197052
vt 0.5030800104141235 0.49897301197052
vt 0.507187008857727 0.4948669672012329
vt 0.0698150023818016 0.04312098026275635
vt 0.026693999767303467 0.02874702215194702
vt 0.06776200234889984 0.02874702215194702
vt 0.0698150023818016 0.04312098026275635
vt 0.026693999767303467 0.04312098026275635
vt 0.026693999767303467 0.02874702215194702
vt 0.0698150023818016 0.04312098026275635
vt 0.026693999767303467 0.05749499797821045
vt 0.026693999767303467 0.04312098026275635
vt 0.0698150023818016 0.04312098026275635
vt 0.0698150023818016 0.05544102191925049
vt 0.026693999767303467 0.05749499797821045
vt 0.0698150023818016 0.06981498003005981
vt 0.026693999767303467 0.05749499797821045
vt 0.0698150023818016 0.05544102191925049
vt 0.0698150023818016 0.06981498003005981
vt 0.026693999767303467 0.06981498003005981
vt 0.026693999767303467 0.05749499797821045
vt 0.0698150023818016 0.06981498003005981
vt 0.026693999767303467 0.08418899774551392
vt 0.026693999767303467 0.06981498003005981
vt 0.0698150023818016 0.06981498003005981
vt 0.0698150023818016 0.08418899774551392
vt 0.026693999767303467 0.08418899774551392
vt 0.0698150023818016 0.09856301546096802
vt 0.026693999767303467 0.08418899774551392
vt 0.0698150023818016 0.08418899774551392
vt 0.0698150023818016 0.09856301546096802
vt 0.026693999767303467 0.09856301546096802
vt 0.026693999767303467 0.08418899774551392
vt 0.0698150023818016 0.09856301546096802
vt 0.026693999767303467 0.11293601989746094
vt 0.026693999767303467 0.09856301546096802
vt 0.0698150023818016 0.09856301546096802
vt 0.0698150023818016 0.11293601989746094
vt 0.026693999767303467 0.11293601989746094
vt 0.0698150023818016 0.12730997800827026
vt 0.026693999767303467 0.11293601989746094
vt 0.0698150023818016 0.11293601989746094
vt 0.0698150023818016 0.12730997800827026
vt 0.026693999767303467 0.12730997800827026
vt 0.026693999767303467 0.11293601989746094
vt 0.0698150023818016 0.12730997800827026
vt 0.026693999767303467 0.14168399572372437
vt 0.026693999767303467 0.12730997800827026
vt 0.0698150023818016 0.12730997800827026
vt 0.0698150023818016 0.14168399572372437
vt 0.026693999767303467 0.14168399572372437
vt 0.0698150023818016 0.15400397777557373
vt 0.026693999767303467 0.14168399572372437
vt 0.0698150023818016 0.14168399572372437
vt 0.0698150023818016 0.15400397777557373
vt 0.026693999767303467 0.15605700016021729
vt 0.026693999767303467 0.14168399572372437
vt 0.0698150023818016 0.15400397777557373
vt 0.026693999767303467 0.16837799549102783
vt 0.026693999767303467 0.15605700016021729
vt 0.0698150023818016 0.15400397777557373
vt 0.0698150023818016 0.16837799549102783
vt 0.026693999767303467 0.16837799549102783
vt 0.0698150023818016 0.18275201320648193
vt 0.026693999767303467 0.16837799549102783
vt 0.0698150023818016 0.16837799549102783
vt 0.0698150023818016 0.18275201320648193
vt 0.026693999767303467 0.18275201320648193
vt 0.026693999767303467 0.16837799549102783
vt 0.0698150023818016 0.18275201320648193
vt 0.026693999767303467 0.19712501764297485
vt 0.026693999767303467 0.18275201320648193
vt 0.0698150023818016 0.18275201320648193
vt 0.0698150023818016 0.19712501764297485
vt 0.026693999767303467 0.19712501764297485
vt 0.4147840142250061 0.24435299634933472
vt 0.42299801111221313 0.25667399168014526
vt 0.4147840142250061 0.2587270140647888
vt 0.4147840142250061 0.24435299634933472
vt 0.4291580021381378 0.25256699323654175
vt 0.42299801111221313 0.25667399168014526
vt 0.4147840142250061 0.24435299634933472
vt 0.4147840142250061 0.2587270140647888
vt 0.4045169949531555 0.25667399168014526
vt 0.4147840142250061 0.24435299634933472
vt 0.431210994720459 0.24435299634933472
vt 0.4291580021381378 0.25256699323654175
vt 0.4147840142250061 0.24435299634933472
vt 0.4045169949531555 0.25667399168014526
vt 0.39835700392723083 0.25256699323654175
vt 0.4147840142250061 0.24435299634933472
vt 0.4291580021381378 0.23614001274108887
vt 0.431210994720459 0.24435299634933472
vt 0.4147840142250061 0.24435299634933472
vt 0.39835700392723083 0.25256699323654175
vt 0.39630401134490967 0.24435299634933472
vt 0.4147840142250061 0.24435299634933472
vt 0.42299801111221313 0.22997897863388062
vt 0.4291580021381378 0.23614001274108887
vt 0.4147840142250061 0.24435299634933472
vt 0.39630401134490967 0.24435299634933472
vt 0.39835700392723083 0.23614001274108887
vt 0.4147840142250061 0.24435299634933472
vt 0.4147840142250061 0.22792601585388184
vt 0.42299801111221313 0.22997897863388062
vt 0.4147840142250061 0.24435299634933472
vt 0.39835700392723083 0.23614001274108887
vt 0.4045169949531555 0.22997897863388062
vt 0.4147840142250061 0.24435299634933472
vt 0.4045169949531555 0.22997897863388062
vt 0.4147840142250061 0.22792601585388184
vt 0.4147840142250061 0.24435299634933472
vt 0.42299801111221313 0.25667399168014526
vt 0.4147840142250061 0.2587270140647888
vt 0.4147840142250061 0.24435299634933472
vt 0.4291580021381378 0.25256699323654175
vt 0.42299801111221313 0.25667399168014526
vt 0.4147840142250061 0.24435299634933472
vt 0.4147840142250061 0.2587270140647888
vt 0.4045169949531555 0.25667399168014526
vt 0.4147840142250061 0.24435299634933472
vt 0.431210994720459 0.24435299634933472
vt 0.4291580021381378 0.25256699323654175
vt 0.4147840142250061 0.24435299634933472
vt 0.4045169949531555 0.25667399168014526
vt 0.39835700392723083 0.25256699323654175
vt 0.4147840142250061 0.24435299634933472
vt 0.4291580021381378 0.23614001274108887
vt 0.431210994720459 0.24435299634933472
vt 0.4147840142250061 0.24435299634933472
vt 0.39835700392723083 0.25256699323654175
vt 0.39630401134490967 0.24435299634933472
vt 0.4147840142250061 0.24435299634933472
vt 0.42299801111221313 0.22997897863388062
vt 0.4291580021381378 0.23614001274108887
vt 0.4147840142250061 0.24435299634933472
vt 0.39630401134490967 0.24435299634933472
vt 0.39835700392723083 0.23614001274108887
vt 0.4147840142250061 0.24435299634933472
vt 0.4147840142250061 0.22792601585388184
vt 0.42299801111221313 0.22997897863388062
vt 0.4147840142250061 0.24435299634933472
vt 0.39835700392723083 0.23614001274108887
vt 0.4045169949531555 0.22997897863388062
vt 0.4147840142250061 0.24435299634933472
vt 0.4045169949531555 0.22997897863388062
vt 0.4147840142250061 0.22792601585388184
vt 0.4147840142250061 0.24435299634933472
vt 0.4147840142250061 0.2587270140647888
vt 0.42299801111221313 0.25667399168014526
vt 0.4147840142250061 0.24435299634933472
vt 0.4045169949531555 0.25667399168014526
vt 0.4147840142250061 0.2587270140647888
vt 0.4147840142250061 0.24435299634933472
vt 0.42299801111221313 0.25667399168014526
vt 0.4291580021381378 0.25256699323654175
vt 0.4147840142250061 0.24435299634933472
vt 0.39835700392723083 0.25256699323654175
vt 0.4045169949531555 0.25667399168014526
vt 0.4147840142250061 0.24435299634933472
vt 0.4291580021381378 0.25256699323654175
vt 0.431210994720459 0.24435299634933472
vt 0.4147840142250061 0.24435299634933472
vt 0.39630401134490967 0.24435299634933472
vt 0.39835700392723083 0.25256699323654175
vt 0.4147840142250061 0.24435299634933472
vt 0.431210994720459 0.24435299634933472
vt 0.4291580021381378 0.23614001274108887
vt 0.4147840142250061 0.24435299634933472
vt 0.39835700392723083 0.23614001274108887
vt 0.39630401134490967 0.24435299634933472
vt 0.4147840142250061 0.24435299634933472
vt 0.4291580021381378 0.23614001274108887
vt 0.42299801111221313 0.22997897863388062
vt 0.4147840142250061 0.24435299634933472
vt 0.4045169949531555 0.22997897863388062
vt 0.39835700392723083 0.23614001274108887
vt 0.4147840142250061 0.24435299634933472
vt 0.42299801111221313 0.22997897863388062
vt 0.4147840142250061 0.22792601585388184
vt 0.4147840142250061 0.24435299634933472
vt 0.4147840142250061 0.22792601585388184
vt 0.4045169949531555 0.22997897863388062
vt 0.4147840142250061 0.24435299634933472
vt 0.4147840142250061 0.2587270140647888
vt 0.42299801111221313 0.25667399168014526
vt 0.4147840142250061 0.24435299634933472
vt 0.4045169949531555 0.25667399168014526
vt 0.4147840142250061 0.2587270140647888
vt 0.4147840142250061 0.24435299634933472
vt 0.42299801111221313 0.25667399168014526
vt 0.4291580021381378 0.25256699323654175
vt 0.4147840142250061 0.24435299634933472
vt 0.39835700392723083 0.25256699323654175
vt 0.4045169949531555 0.25667399168014526
vt 0.4147840142250061 0.24435299634933472
vt 0.4291580021381378 0.25256699323654175
vt 0.431210994720459 0.24435299634933472
vt 0.4147840142250061 0.24435299634933472
vt 0.39630401134490967 0.24435299634933472
vt 0.39835700392723083 0.25256699323654175
vt 0.4147840142250061 0.24435299634933472
vt 0.431210994720459 0.24435299634933472
vt 0.4291580021381378 0.23614001274108887
vt 0.4147840142250061 0.24435299634933472
vt 0.39835700392723083 0.23614001274108887
vt 0.39630401134490967 0.24435299634933472
vt 0.4147840142250061 0.24435299634933472
vt 0.4291580021381378 0.23614001274108887
vt 0.42299801111221313 0.22997897863388062
vt 0.4147840142250061 0.24435299634933472
vt 0.4045169949531555 0.22997897863388062
vt 0.39835700392723083 0.23614001274108887
vt 0.4147840142250061 0.24435299634933472
vt 0.42299801111221313 0.22997897863388062
vt 0.4147840142250061 0.22792601585388184
vt 0.4147840142250061 0.24435299634933472
vt 0.4147840142250061 0.22792601585388184
vt 0.4045169949531555 0.22997897863388062
vt 0.4106779992580414 0.22792601585388184
vt 0.41683799028396606 0.22997897863388062
vt 0.43326500058174133 0.22792601585388184
vt 0.41683799028396606 0.22997897863388062
vt 0.4209449887275696 0.22997897863388062
vt 0.43326500058174133 0.22792601585388184
vt 0.41683799028396606 0.22997897863388062
vt 0.41683799028396606 0.25256699323654175
vt 0.4209449887275696 0.22997897863388062
vt 0.4106779992580414 0.22587299346923828
vt 0.41683799028396606 0.22997897863388062
vt 0.41683799028396606 0.22997897863388062
vt 0.44353199005126953 0.6119099855422974
vt 0.44353199005126953 0.597536027431488
vt 0.46817201375961304 0.6098560094833374
vt 0.46817201375961304 0.6098560094833374
vt 0.44353199005126953 0.597536027431488
vt 0.46817201375961304 0.5954830050468445
vt 0.46817201375961304 0.5954830050468445
vt 0.44353199005126953 0.597536027431488
vt 0.46817201375961304 0.5954830050468445
vt 0.5195069909095764 0.47638601064682007
vt 0.5030800104141235 0.470225989818573
vt 0.507187008857727 0.47638601064682007
vt 0.5195069909095764 0.47638601064682007
vt 0.5153999924659729 0.470225989818573
vt 0.5030800104141235 0.470225989818573
vt 0.507187008857727 0.47638601064682007
vt 0.5030800104141235 0.470225989818573
vt 0.50102698802948 0.47638601064682007
vt 0.5195069909095764 0.4948669672012329
vt 0.5215610265731812 0.4846000075340271
vt 0.5195069909095764 0.47638601064682007
vt 0.5030800104141235 0.470225989818573
vt 0.4948669970035553 0.470225989818573
vt 0.50102698802948 0.47638601064682007
vt 0.507187008857727 0.4948669672012329
vt 0.5153999924659729 0.49897301197052
vt 0.5195069909095764 0.4948669672012329
vt 0.5030800104141235 0.49897301197052
vt 0.5153999924659729 0.49897301197052
vt 0.507187008857727 0.4948669672012329
vt 0.4948669970035553 0.49897301197052
vt 0.5030800104141235 0.49897301197052
vt 0.507187008857727 0.4948669672012329
vt 0.507187008857727 0.4948669672012329
vt 0.50102698802948 0.4948669672012329
vt 0.4948669970035553 0.49897301197052
vt 0.50102698802948 0.47638601064682007
vt 0.4948669970035553 0.470225989818573
vt 0.48870599269866943 0.4846000075340271
vt 0.50102698802948 0.4948669672012329
vt 0.50102698802948 0.47638601064682007
vt 0.48870599269866943 0.4846000075340271
vt 0.4948669970035553 0.49897301197052
vt 0.50102698802948 0.4948669672012329
vt 0.48870599269866943 0.4846000075340271
vt 0.4948669970035553 0.470225989818573
vt 0.48870599269866943 0.47638601064682007
vt 0.48870599269866943 0.4846000075340271
vt 0.48870599269866943 0.4948669672012329
vt 0.4948669970035553 0.49897301197052
vt 0.48870599269866943 0.4846000075340271
vt 0.44353199005126953 0.597536027431488
vt 0.44353199005126953 0.6119099855422974
vt 0.46817201375961304 0.6098560094833374
vt 0.46817201375961304 0.5954830050468445
vt 0.44353199005126953 0.597536027431488
vt 0.46817201375961304 0.6098560094833374
vt 0.44353199005126953 0.597536027431488
vt 0.44353199005126953 0.597536027431488
vt 0.46817201375961304 0.5954830050468445
vt 0.46817201375961304 0.5954830050468445
vt 0.44353199005126953 0.597536027431488
vt 0.46817201375961304 0.5954830050468445
vt 0.4045169949531555 0.909650981426239
vt 0.4147840142250061 0.8911700248718262
vt 0.4147840142250061 0.909650981426239
vt 0.4045169949531555 0.909650981426239
vt 0.4045169949531555 0.8911700248718262
vt 0.4147840142250061 0.8911700248718262
vt 0.4045169949531555 0.909650981426239
vt 0.39630401134490967 0.8911700248718262
vt 0.4045169949531555 0.8911700248718262
vt 0.4045169949531555 0.909650981426239
vt 0.39630401134490967 0.909650981426239
vt 0.39630401134490967 0.8911700248718262
vt 0.4045169949531555 0.909650981426239
vt 0.39630401134490967 0.8911700248718262
vt 0.39630401134490967 0.909650981426239
vt 0.4045169949531555 0.909650981426239
vt 0.4045169949531555 0.8911700248718262
vt 0.39630401134490967 0.8911700248718262
vt 0.4045169949531555 0.909650981426239
vt 0.4147840142250061 0.8911700248718262
vt 0.4045169949531555 0.8911700248718262
vt 0.4045169949531555 0.909650981426239
vt 0.4147840142250061 0.909650981426239
vt 0.4147840142250061 0.8911700248718262
vt 0.026693999767303467 0.05749499797821045
vt 0.0698150023818016 0.04312098026275635
vt 0.026693999767303467 0.04312098026275635
vt 0.0698150023818016 0.04312098026275635
vt 0.026693999767303467 0.02874702215194702
vt 0.026693999767303467 0.04312098026275635
vt 0.06776200234889984 0.02874702215194702
vt 0.026693999767303467 0.02874702215194702
vt 0.0698150023818016 0.04312098026275635
vt 0.026693999767303467 0.05749499797821045
vt 0.0698150023818016 0.05544102191925049
vt 0.0698150023818016 0.04312098026275635
vt 0.026693999767303467 0.05749499797821045
vt 0.0698150023818016 0.06981498003005981
vt 0.0698150023818016 0.05544102191925049
vt 0.026693999767303467 0.05749499797821045
vt 0.026693999767303467 0.06981498003005981
vt 0.0698150023818016 0.06981498003005981
vt 0.026693999767303467 0.08418899774551392
vt 0.0698150023818016 0.06981498003005981
vt 0.026693999767303467 0.06981498003005981
vt 0.026693999767303467 0.08418899774551392
vt 0.0698150023818016 0.08418899774551392
vt 0.0698150023818016 0.06981498003005981
vt 0.026693999767303467 0.08418899774551392
vt 0.0698150023818016 0.09856301546096802
vt 0.0698150023818016 0.08418899774551392
vt 0.026693999767303467 0.08418899774551392
vt 0.026693999767303467 0.09856301546096802
vt 0.0698150023818016 0.09856301546096802
vt 0.026693999767303467 0.11293601989746094
vt 0.0698150023818016 0.09856301546096802
vt 0.026693999767303467 0.09856301546096802
vt 0.026693999767303467 0.11293601989746094
vt 0.0698150023818016 0.11293601989746094
vt 0.0698150023818016 0.09856301546096802
vt 0.026693999767303467 0.11293601989746094
vt 0.0698150023818016 0.12730997800827026
vt 0.0698150023818016 0.11293601989746094
vt 0.026693999767303467 0.11293601989746094
vt 0.026693999767303467 0.12730997800827026
vt 0.0698150023818016 0.12730997800827026
vt 0.026693999767303467 0.14168399572372437
vt 0.0698150023818016 0.12730997800827026
vt 0.026693999767303467 0.12730997800827026
vt 0.026693999767303467 0.14168399572372437
vt 0.0698150023818016 0.14168399572372437
vt 0.0698150023818016 0.12730997800827026
vt 0.026693999767303467 0.14168399572372437
vt 0.0698150023818016 0.15400397777557373
vt 0.0698150023818016 0.14168399572372437
vt 0.026693999767303467 0.14168399572372437
vt 0.026693999767303467 0.15605700016021729
vt 0.0698150023818016 0.15400397777557373
vt 0.026693999767303467 0.16837799549102783
vt 0.0698150023818016 0.15400397777557373
vt 0.026693999767303467 0.15605700016021729
vt 0.026693999767303467 0.16837799549102783
vt 0.0698150023818016 0.16837799549102783
vt 0.0698150023818016 0.15400397777557373
vt 0.026693999767303467 0.16837799549102783
vt 0.0698150023818016 0.18275201320648193
vt 0.0698150023818016 0.16837799549102783
vt 0.026693999767303467 0.16837799549102783
vt 0.026693999767303467 0.18275201320648193
vt 0.0698150023818016 0.18275201320648193
vt 0.026693999767303467 0.18275201320648193
vt 0.026693999767303467 0.19712501764297485
vt 0.0698150023818016 0.18275201320648193
vt 0.0698150023818016 0.18275201320648193
vt 0.026693999767303467 0.19712501764297485
vt 0.0698150023818016 0.19712501764297485
vn -0.000014207244059240504 -0.8988982463086768 -0.43815744040394866
vn -0.000009336085849676613 -0.15502755267850213 -0.9879101466344758
vn 0.09034527801771285 -0.3763646170209903 -0.9220560751898692
vn -0.000009336085849676613 -0.15502755267850213 -0.9879101466344758
vn -0.000014207244059240504 -0.8988982463086768 -0.43815744040394866
vn -0.09190588541477279 -0.37482148804510823 -0.9225303032018936
vn 0.09034527801771285 -0.3763646170209903 -0.9220560751898692
vn -0.000009336085849676613 -0.15502755267850213 -0.9879101466344758
vn 0.11183021855636564 -0.11502621957864077 -0.9870476032223987
vn -0.11202630401510875 -0.11564177275584737 -0.9869534374035076
vn -0.000009336085849676613 -0.15502755267850213 -0.9879101466344758
vn -0.09190588541477279 -0.37482148804510823 -0.9225303032018936
vn -0.000009336085849676613 -0.15502755267850213 -0.9879101466344758
vn -6.074422436229314e-7 0.07501315298158681 -0.9971825444117
vn 0.11183021855636564 -0.11502621957864077 -0.9870476032223987
vn -6.074422436229314e-7 0.07501315298158681 -0.9971825444117
vn -0.000009336085849676613 -0.15502755267850213 -0.9879101466344758
vn -0.11202630401510875 -0.11564177275584737 -0.9869534374035076
vn 0.11183021855636564 -0.11502621957864077 -0.9870476032223987
vn -6.074422436229314e-7 0.07501315298158681 -0.9971825444117
vn 0.20644453244309205 0.16916155877721978 -0.9637245571512715
vn -0.20645168136057843 0.16927411916485252 -0.9637032613021258
vn -6.074422436229314e-7 0.07501315298158681 -0.9971825444117
vn -0.11202630401510875 -0.11564177275584737 -0.9869534374035076
vn -6.074422436229314e-7 0.07501315298158681 -0.9971825444117
vn -3.1467095524983144e-7 0.45011010664629153 -0.8929730633646039
vn 0.20644453244309205 0.16916155877721978 -0.9637245571512715
vn -3.1467095524983144e-7 0.45011010664629153 -0.8929730633646039
vn -6.074422436229314e-7 0.07501315298158681 -0.9971825444117
vn -0.20645168136057843 0.16927411916485252 -0.9637032613021258
vn 0.20644453244309205 0.16916155877721978 -0.9637245571512715
vn -3.1467095524983144e-7 0.45011010664629153 -0.8929730633646039
vn 0.29219478487677486 0.5231748840643529 -0.80056870309491
vn -0.2921972584994779 0.5231740496529204 -0.8005683455490561
vn -3.1467095524983144e-7 0.45011010664629153 -0.8929730633646039
vn -0.20645168136057843 0.16927411916485252 -0.9637032613021258
vn -3.1467095524983144e-7 0.45011010664629153 -0.8929730633646039
vn 0.0000010315320748365455 0.3453790280044153 -0.9384632795233179
vn 0.29219478487677486 0.5231748840643529 -0.80056870309491
vn 0.0000010315320748365455 0.3453790280044153 -0.9384632795233179
vn -3.1467095524983144e-7 0.45011010664629153 -0.8929730633646039
vn -0.2921972584994779 0.5231740496529204 -0.8005683455490561
vn 0.29219478487677486 0.5231748840643529 -0.80056870309491
vn 0.0000010315320748365455 0.3453790280044153 -0.9384632795233179
vn 0.3516468433181611 0.2979193949120322 -0.8874618480360837
vn -0.3515786468331535 0.29791223492257013 -0.8874912705905385
vn 0.0000010315320748365455 0.3453790280044153 -0.9384632795233179
vn -0.2921972584994779 0.5231740496529204 -0.8005683455490561
vn 0.0000010315320748365455 0.3453790280044153 -0.9384632795233179
vn 0.1664266260896054 0.2539697843724208 -0.9527861915216115
vn 0.3516468433181611 0.2979193949120322 -0.8874618480360837
vn -0.16654141489651147 0.25395748388819445 -0.9527694125555488
vn 0.0000010315320748365455 0.3453790280044153 -0.9384632795233179
vn -0.3515786468331535 0.29791223492257013 -0.8874912705905385
vn 0.1664266260896054 0.2539697843724208 -0.9527861915216115
vn 0.0000010315320748365455 0.3453790280044153 -0.9384632795233179
vn -7.722328295606477e-7 0.22465304380851936 -0.9744388179393157
vn -7.722328295606477e-7 0.22465304380851936 -0.9744388179393157
vn 0.0000010315320748365455 0.3453790280044153 -0.9384632795233179
vn -0.16654141489651147 0.25395748388819445 -0.9527694125555488
vn 8.276658565003928e-7 0.450136504176003 -0.8929597569921738
vn 0.1664266260896054 0.2539697843724208 -0.9527861915216115
vn -7.722328295606477e-7 0.22465304380851936 -0.9744388179393157
vn 8.276658565003928e-7 0.450136504176003 -0.8929597569921738
vn -7.722328295606477e-7 0.22465304380851936 -0.9744388179393157
vn -0.16654141489651147 0.25395748388819445 -0.9527694125555488
vn 8.276658565003928e-7 0.450136504176003 -0.8929597569921738
vn 0.19532087858400862 0.5311637633141599 -0.8244481857164282
vn 0.1664266260896054 0.2539697843724208 -0.9527861915216115
vn 8.276658565003928e-7 0.450136504176003 -0.8929597569921738
vn -0.16654141489651147 0.25395748388819445 -0.9527694125555488
vn -0.1953321999887975 0.5311930197372866 -0.8244266537600049
vn 8.276658565003928e-7 0.450136504176003 -0.8929597569921738
vn -2.790363303096516e-7 0.8152667939778431 -0.5790855330924883
vn 0.19532087858400862 0.5311637633141599 -0.8244481857164282
vn 8.276658565003928e-7 0.450136504176003 -0.8929597569921738
vn -0.1953321999887975 0.5311930197372866 -0.8244266537600049
vn -2.790363303096516e-7 0.8152667939778431 -0.5790855330924883
vn -2.790363303096516e-7 0.8152667939778431 -0.5790855330924883
vn 0.24929974769088592 0.7804108794212695 -0.5734182549258278
vn 0.19532087858400862 0.5311637633141599 -0.8244481857164282
vn -0.2493134302730565 0.7804126779414579 -0.5734098582983417
vn -2.790363303096516e-7 0.8152667939778431 -0.5790855330924883
vn -0.1953321999887975 0.5311930197372866 -0.8244266537600049
vn 0.3941433450538371 0.43780312173367036 -0.8080714387664155
vn 0.45291972906363265 0.6347748145709492 0.6260388596655504
vn 0.4023481232873508 0.7974588123251753 0.449639222412889
vn 0.46642214619310063 0.1848143957372316 -0.8650398954203811
vn 0.9016659728122932 0.418329709803181 -0.10953870260527601
vn 0.45291972906363265 0.6347748145709492 0.6260388596655504
vn 0.9016659728122932 0.418329709803181 -0.10953870260527601
vn 0.46642214619310063 0.1848143957372316 -0.8650398954203811
vn -0.785146965809757 0.43026176869573 -0.44544253555150565
vn -0.785146965809757 0.43026176869573 -0.44544253555150565
vn 0.46642214619310063 0.1848143957372316 -0.8650398954203811
vn 0.3941433450538371 0.43780312173367036 -0.8080714387664155
vn -0.613336559942776 0.742855485417522 0.2682983265371948
vn -0.785146965809757 0.43026176869573 -0.44544253555150565
vn 0.3941433450538371 0.43780312173367036 -0.8080714387664155
vn 0.43359079536074097 0.43429004724413506 -0.789551250422116
vn -0.44217075054546623 0.767115433870988 -0.4647783756576727
vn 0.7020739940826252 0.6090259576151795 -0.3690250530570838
vn -0.44217075054546623 0.767115433870988 -0.4647783756576727
vn 0.44661430129085594 0.8947265865344879 -0.00003508310012171106
vn 0.7020739940826252 0.6090259576151795 -0.3690250530570838
vn -0.7065668551608234 0.7076462952547108 -6.53454535217378e-7
vn 0.44661430129085594 0.8947265865344879 -0.00003508310012171106
vn -0.44217075054546623 0.767115433870988 -0.4647783756576727
vn 0.43359079536074097 0.43429004724413506 -0.789551250422116
vn -0.693425954183564 0.34729561249512975 -0.6313051588623734
vn -0.44217075054546623 0.767115433870988 -0.4647783756576727
vn 0.43359079536074097 0.43429004724413506 -0.789551250422116
vn -0.4295052050046619 -0.000012791783947504235 -0.9030643823727484
vn -0.693425954183564 0.34729561249512975 -0.6313051588623734
vn 0.43359079536074097 0.43429004724413506 -0.789551250422116
vn 0.689274732366371 0.000008194171690025254 -0.72450006435757
vn -0.4295052050046619 -0.000012791783947504235 -0.9030643823727484
vn 0.4335787546789757 -0.43429654360581504 -0.789554289268997
vn -0.4295052050046619 -0.000012791783947504235 -0.9030643823727484
vn 0.689274732366371 0.000008194171690025254 -0.72450006435757
vn 0.4335787546789757 -0.43429654360581504 -0.789554289268997
vn -0.6933667079966157 -0.34733685932515707 -0.6313475385206407
vn -0.4295052050046619 -0.000012791783947504235 -0.9030643823727484
vn 0.4335787546789757 -0.43429654360581504 -0.789554289268997
vn -0.4421237445876617 -0.7671471897969623 -0.4647706785699884
vn -0.6933667079966157 -0.34733685932515707 -0.6313475385206407
vn 0.4335787546789757 -0.43429654360581504 -0.789554289268997
vn 0.702007654769841 -0.6090750128081485 -0.36907029332811575
vn -0.4421237445876617 -0.7671471897969623 -0.4647706785699884
vn 0.44660094556513685 -0.8947332536698825 -0.00001405814515325004
vn -0.4421237445876617 -0.7671471897969623 -0.4647706785699884
vn 0.702007654769841 -0.6090750128081485 -0.36907029332811575
vn 0.44660094556513685 -0.8947332536698825 -0.00001405814515325004
vn -0.7065636041702335 -0.7076495412121669 0.000009174918135952391
vn -0.4421237445876617 -0.7671471897969623 -0.4647706785699884
vn 0.44660094556513685 -0.8947332536698825 -0.00001405814515325004
vn -0.44213566876836063 -0.767144811253045 0.4647632612097094
vn -0.7065636041702335 -0.7076495412121669 0.000009174918135952391
vn 0.44660094556513685 -0.8947332536698825 -0.00001405814515325004
vn 0.7020672020555069 -0.6090246488307555 0.369040134557919
vn -0.44213566876836063 -0.767144811253045 0.4647632612097094
vn 0.4335724166968621 -0.43438929836323004 0.7895067428129688
vn -0.44213566876836063 -0.767144811253045 0.4647632612097094
vn 0.7020672020555069 -0.6090246488307555 0.369040134557919
vn 0.4335724166968621 -0.43438929836323004 0.7895067428129688
vn -0.6934319758307422 -0.3472956132854733 0.6312985441834472
vn -0.44213566876836063 -0.767144811253045 0.4647632612097094
vn 0.4335724166968621 -0.43438929836323004 0.7895067428129688
vn -0.429516858129304 0.0000071573095866329885 0.903058840016255
vn -0.6934319758307422 -0.3472956132854733 0.6312985441834472
vn 0.4335724166968621 -0.43438929836323004 0.7895067428129688
vn 0.6892796806144421 -0.0000012030402648143569 0.7244953567074155
vn -0.429516858129304 0.0000071573095866329885 0.903058840016255
vn 0.43358370558054643 0.4343090345010837 0.7895446996882307
vn -0.429516858129304 0.0000071573095866329885 0.903058840016255
vn 0.6892796806144421 -0.0000012030402648143569 0.7244953567074155
vn 0.43358370558054643 0.4343090345010837 0.7895446996882307
vn -0.693355799790872 0.34733447486097213 0.6313608298504215
vn -0.429516858129304 0.0000071573095866329885 0.903058840016255
vn 0.43358370558054643 0.4343090345010837 0.7895446996882307
vn -0.44212657035866965 0.7671375839933525 0.4647838454676778
vn -0.693355799790872 0.34733447486097213 0.6313608298504215
vn 0.43358370558054643 0.4343090345010837 0.7895446996882307
vn 0.7019986583347072 0.6090872947195927 0.36906713631457166
vn -0.44212657035866965 0.7671375839933525 0.4647838454676778
vn 0.7019986583347072 0.6090872947195927 0.36906713631457166
vn 0.44661430129085594 0.8947265865344879 -0.00003508310012171106
vn -0.44212657035866965 0.7671375839933525 0.4647838454676778
vn -0.44212657035866965 0.7671375839933525 0.4647838454676778
vn 0.44661430129085594 0.8947265865344879 -0.00003508310012171106
vn -0.7065668551608234 0.7076462952547108 -6.53454535217378e-7
vn -0.6043910798692086 0.762674368362297 0.23030247592612463
vn -0.6133196793043908 0.7428751397806701 0.2682824960257544
vn 1.2504503276573767e-7 0.9381725704292027 0.3461679189269958
vn 1.2504503276573767e-7 0.9381725704292027 0.3461679189269958
vn -0.6133196793043908 0.7428751397806701 0.2682824960257544
vn 2.373781615135373e-7 0.8785974446950614 0.47756311643096133
vn -0.6133196793043908 0.7428751397806701 0.2682824960257544
vn -0.544753664422776 0.7978049424857051 0.2583616048164631
vn 2.373781615135373e-7 0.8785974446950614 0.47756311643096133
vn 1.2504503276573767e-7 0.9381725704292027 0.3461679189269958
vn 2.373781615135373e-7 0.8785974446950614 0.47756311643096133
vn 0.6133198591352127 0.7428752602216533 0.26828175141252836
vn 0.6043920008104001 0.7626776805266622 0.23028909002137274
vn 1.2504503276573767e-7 0.9381725704292027 0.3461679189269958
vn 0.6133198591352127 0.7428752602216533 0.26828175141252836
vn 0.6133198591352127 0.7428752602216533 0.26828175141252836
vn 2.373781615135373e-7 0.8785974446950614 0.47756311643096133
vn 0.5447612388290747 0.7978006577121755 0.25835886519225937
vn 2.373781615135373e-7 0.8785974446950614 0.47756311643096133
vn -0.544753664422776 0.7978049424857051 0.2583616048164631
vn 1.4475864540718972e-7 0.9588058075944373 0.2840623581595383
vn 2.373781615135373e-7 0.8785974446950614 0.47756311643096133
vn 1.4475864540718972e-7 0.9588058075944373 0.2840623581595383
vn 0.5447612388290747 0.7978006577121755 0.25835886519225937
vn -0.544753664422776 0.7978049424857051 0.2583616048164631
vn -0.43551238598271547 0.8486138431601883 0.30030568901127697
vn 1.4475864540718972e-7 0.9588058075944373 0.2840623581595383
vn 0.5447612388290747 0.7978006577121755 0.25835886519225937
vn 1.4475864540718972e-7 0.9588058075944373 0.2840623581595383
vn 0.4355162491271954 0.8486133430485248 0.30030149974015335
vn 1.4475864540718972e-7 0.9588058075944373 0.2840623581595383
vn -0.43551238598271547 0.8486138431601883 0.30030568901127697
vn -0.08700605380603092 0.9095551265717988 0.40637349609449314
vn -0.43551238598271547 0.8486138431601883 0.30030568901127697
vn -0.43921293897320224 0.5472710615123875 0.7124509663616344
vn -0.08700605380603092 0.9095551265717988 0.40637349609449314
vn 1.4475864540718972e-7 0.9588058075944373 0.2840623581595383
vn 0.08700349657756458 0.909555228224749 0.4063738160761622
vn 0.4355162491271954 0.8486133430485248 0.30030149974015335
vn 0.4355162491271954 0.8486133430485248 0.30030149974015335
vn 0.08700349657756458 0.909555228224749 0.4063738160761622
vn 0.43921071515124693 0.5471902517588481 0.7125144041185544
vn 0.0000027051305559490955 0.905042112153017 0.42532196654098187
vn 1.4475864540718972e-7 0.9588058075944373 0.2840623581595383
vn -0.08700605380603092 0.9095551265717988 0.40637349609449314
vn 0.0000027051305559490955 0.905042112153017 0.42532196654098187
vn 0.08700349657756458 0.909555228224749 0.4063738160761622
vn 1.4475864540718972e-7 0.9588058075944373 0.2840623581595383
vn -0.08700605380603092 0.9095551265717988 0.40637349609449314
vn -0.43921293897320224 0.5472710615123875 0.7124509663616344
vn -0.09094792690850212 0.6711601082668263 0.735712296799712
vn 0.0000027051305559490955 0.905042112153017 0.42532196654098187
vn -0.08700605380603092 0.9095551265717988 0.40637349609449314
vn -0.09094792690850212 0.6711601082668263 0.735712296799712
vn -0.43921293897320224 0.5472710615123875 0.7124509663616344
vn -0.3400774352839537 0.3205490162017228 0.8840789932029808
vn -0.09094792690850212 0.6711601082668263 0.735712296799712
vn 0.0000027051305559490955 0.905042112153017 0.42532196654098187
vn -0.09094792690850212 0.6711601082668263 0.735712296799712
vn 2.9205539951740925e-7 0.6953400270044172 0.7186809075280982
vn 0.08700349657756458 0.909555228224749 0.4063738160761622
vn 0.09095123286468845 0.6711623577346532 0.735709836009044
vn 0.43921071515124693 0.5471902517588481 0.7125144041185544
vn 0.0000027051305559490955 0.905042112153017 0.42532196654098187
vn 0.09095123286468845 0.6711623577346532 0.735709836009044
vn 0.08700349657756458 0.909555228224749 0.4063738160761622
vn 0.0000027051305559490955 0.905042112153017 0.42532196654098187
vn 2.9205539951740925e-7 0.6953400270044172 0.7186809075280982
vn 0.09095123286468845 0.6711623577346532 0.735709836009044
vn 0.43921071515124693 0.5471902517588481 0.7125144041185544
vn 0.09095123286468845 0.6711623577346532 0.735709836009044
vn 0.3400601540212172 0.3205564706326899 0.8840829377284574
vn -0.09094792690850212 0.6711601082668263 0.735712296799712
vn -0.3400774352839537 0.3205490162017228 0.8840789932029808
vn -4.656996826546202e-7 0.4462865270193569 0.8948901249878579
vn -4.656996826546202e-7 0.4462865270193569 0.8948901249878579
vn 2.9205539951740925e-7 0.6953400270044172 0.7186809075280982
vn -0.09094792690850212 0.6711601082668263 0.735712296799712
vn 0.09095123286468845 0.6711623577346532 0.735709836009044
vn 2.9205539951740925e-7 0.6953400270044172 0.7186809075280982
vn -4.656996826546202e-7 0.4462865270193569 0.8948901249878579
vn 0.09095123286468845 0.6711623577346532 0.735709836009044
vn -4.656996826546202e-7 0.4462865270193569 0.8948901249878579
vn 0.3400601540212172 0.3205564706326899 0.8840829377284574
vn -0.3400774352839537 0.3205490162017228 0.8840789932029808
vn -0.14991459261813345 0.15976242733190438 0.9757056839709182
vn -4.656996826546202e-7 0.4462865270193569 0.8948901249878579
vn 0.3400601540212172 0.3205564706326899 0.8840829377284574
vn -4.656996826546202e-7 0.4462865270193569 0.8948901249878579
vn 0.14992377477622515 0.15975842216192934 0.9757049289130287
vn -4.656996826546202e-7 0.4462865270193569 0.8948901249878579
vn -0.14991459261813345 0.15976242733190438 0.9757056839709182
vn 4.017258016212455e-7 0.1965601753660629 0.9804917630760094
vn -4.656996826546202e-7 0.4462865270193569 0.8948901249878579
vn 4.017258016212455e-7 0.1965601753660629 0.9804917630760094
vn 0.14992377477622515 0.15975842216192934 0.9757049289130287
vn -0.14991459261813345 0.15976242733190438 0.9757056839709182
vn 3.7947671924422476e-7 -0.07902906142663987 0.996872312510424
vn 4.017258016212455e-7 0.1965601753660629 0.9804917630760094
vn 4.017258016212455e-7 0.1965601753660629 0.9804917630760094
vn 3.7947671924422476e-7 -0.07902906142663987 0.996872312510424
vn 0.14992377477622515 0.15975842216192934 0.9757049289130287
vn 3.7947671924422476e-7 -0.07902906142663987 0.996872312510424
vn -0.14991459261813345 0.15976242733190438 0.9757056839709182
vn -0.17791834966928835 -0.011846148737410673 0.9839739476282122
vn 3.7947671924422476e-7 -0.07902906142663987 0.996872312510424
vn 0.17792988340196744 -0.011846091942284188 0.9839718627573947
vn 0.14992377477622515 0.15975842216192934 0.9757049289130287
vn -0.1445185865426547 -0.3339160143173458 0.9314582510913365
vn 3.7947671924422476e-7 -0.07902906142663987 0.996872312510424
vn -0.17791834966928835 -0.011846148737410673 0.9839739476282122
vn 3.7947671924422476e-7 -0.07902906142663987 0.996872312510424
vn 0.14451800285083477 -0.3339179753867551 0.9314576386318472
vn 0.17792988340196744 -0.011846091942284188 0.9839718627573947
vn 8.946911867679625e-7 -0.49945103519000783 0.8663421168607868
vn 3.7947671924422476e-7 -0.07902906142663987 0.996872312510424
vn -0.1445185865426547 -0.3339160143173458 0.9314582510913365
vn 8.946911867679625e-7 -0.49945103519000783 0.8663421168607868
vn 0.14451800285083477 -0.3339179753867551 0.9314576386318472
vn 3.7947671924422476e-7 -0.07902906142663987 0.996872312510424
vn 0.00000115411571421954 -0.8737207806631924 0.4864277926228824
vn 8.946911867679625e-7 -0.49945103519000783 0.8663421168607868
vn -0.1445185865426547 -0.3339160143173458 0.9314582510913365
vn 0.14451800285083477 -0.3339179753867551 0.9314576386318472
vn 8.946911867679625e-7 -0.49945103519000783 0.8663421168607868
vn 0.00000115411571421954 -0.8737207806631924 0.4864277926228824
vn -0.1445185865426547 -0.3339160143173458 0.9314582510913365
vn -0.2187301271747204 -0.7551075403896433 0.6180370004399687
vn 0.00000115411571421954 -0.8737207806631924 0.4864277926228824
vn 0.21872403072743662 -0.7551484823177732 0.6179891326192615
vn 0.14451800285083477 -0.3339179753867551 0.9314576386318472
vn 0.00000115411571421954 -0.8737207806631924 0.4864277926228824
vn -0.2493134302730565 0.7804126779414579 -0.5734098582983417
vn -0.5406406981160733 0.8364560392625561 -0.08971582871356713
vn -2.790363303096516e-7 0.8152667939778431 -0.5790855330924883
vn -2.790363303096516e-7 0.8152667939778431 -0.5790855330924883
vn -0.5406406981160733 0.8364560392625561 -0.08971582871356713
vn 0.0000022972914774588753 0.9974959263071411 -0.07072394923490119
vn -0.5406406981160733 0.8364560392625561 -0.08971582871356713
vn -0.2753661018848599 0.9585775283021115 0.07281917444568896
vn 0.0000022972914774588753 0.9974959263071411 -0.07072394923490119
vn -2.790363303096516e-7 0.8152667939778431 -0.5790855330924883
vn 0.0000022972914774588753 0.9974959263071411 -0.07072394923490119
vn 0.5406386159858592 0.8364571779894123 -0.0897177590830441
vn -2.790363303096516e-7 0.8152667939778431 -0.5790855330924883
vn 0.5406386159858592 0.8364571779894123 -0.0897177590830441
vn 0.24929974769088592 0.7804108794212695 -0.5734182549258278
vn 0.5406386159858592 0.8364571779894123 -0.0897177590830441
vn 0.0000022972914774588753 0.9974959263071411 -0.07072394923490119
vn 0.275315854340438 0.9582650182624685 0.07700217609409317
vn 0.0000022972914774588753 0.9974959263071411 -0.07072394923490119
vn -0.2753661018848599 0.9585775283021115 0.07281917444568896
vn 4.621282992475933e-8 0.9969856912880086 0.07758563892222214
vn 0.0000022972914774588753 0.9974959263071411 -0.07072394923490119
vn 4.621282992475933e-8 0.9969856912880086 0.07758563892222214
vn 0.275315854340438 0.9582650182624685 0.07700217609409317
vn -0.2753661018848599 0.9585775283021115 0.07281917444568896
vn 1.2504503276573767e-7 0.9381725704292027 0.3461679189269958
vn 4.621282992475933e-8 0.9969856912880086 0.07758563892222214
vn 4.621282992475933e-8 0.9969856912880086 0.07758563892222214
vn 1.2504503276573767e-7 0.9381725704292027 0.3461679189269958
vn 0.275315854340438 0.9582650182624685 0.07700217609409317
vn 1.2504503276573767e-7 0.9381725704292027 0.3461679189269958
vn -0.2753661018848599 0.9585775283021115 0.07281917444568896
vn -0.6043910798692086 0.762674368362297 0.23030247592612463
vn 1.2504503276573767e-7 0.9381725704292027 0.3461679189269958
vn 0.6043920008104001 0.7626776805266622 0.23028909002137274
vn 0.275315854340438 0.9582650182624685 0.07700217609409317
vn -0.6157181225968628 0.031349938174440595 -0.7873426032435011
vn -0.8101498046875572 -0.4538399665825191 0.371061421731081
vn -0.8422726531371926 0.5161696757393673 0.15538868563814728
vn -0.8101498046875572 -0.4538399665825191 0.371061421731081
vn -0.5018177027692403 0.535949825730209 0.6789232485982204
vn -0.8422726531371926 0.5161696757393673 0.15538868563814728
vn -0.8422726531371926 0.5161696757393673 0.15538868563814728
vn -0.5018177027692403 0.535949825730209 0.6789232485982204
vn -0.18993031484889947 0.9531494131275713 -0.23544144018410315
vn -0.5018177027692403 0.535949825730209 0.6789232485982204
vn -0.01686275573791342 0.99948019361689 0.02747708202243221
vn -0.18993031484889947 0.9531494131275713 -0.23544144018410315
vn 0.25084063341669527 0.9422345731532316 0.22197519181624528
vn -0.01686275573791342 0.99948019361689 0.02747708202243221
vn -0.5018177027692403 0.535949825730209 0.6789232485982204
vn -0.5366522014932519 -0.4375371587009259 0.721502355774648
vn -0.5018177027692403 0.535949825730209 0.6789232485982204
vn -0.8101498046875572 -0.4538399665825191 0.371061421731081
vn -0.8101498046875572 -0.4538399665825191 0.371061421731081
vn 0.0000015913120448351114 -0.9998710589901842 0.01605818767219141
vn -0.5366522014932519 -0.4375371587009259 0.721502355774648
vn -0.31662181022271874 -0.86084461218925 -0.3983681500271181
vn 0.0000015913120448351114 -0.9998710589901842 0.01605818767219141
vn -0.8101498046875572 -0.4538399665825191 0.371061421731081
vn 0.0000015913120448351114 -0.9998710589901842 0.01605818767219141
vn -0.1822820938980253 -0.36288086318635676 0.9138329811170508
vn -0.5366522014932519 -0.4375371587009259 0.721502355774648
vn -0.1822820938980253 -0.36288086318635676 0.9138329811170508
vn -0.5018177027692403 0.535949825730209 0.6789232485982204
vn -0.5366522014932519 -0.4375371587009259 0.721502355774648
vn 0.43560859160225956 -0.8314762635032844 0.3448077408541062
vn -0.1822820938980253 -0.36288086318635676 0.9138329811170508
vn 0.0000015913120448351114 -0.9998710589901842 0.01605818767219141
vn 0.01445145493423174 0.39421286113344034 0.9189055313617778
vn 0.25084063341669527 0.9422345731532316 0.22197519181624528
vn -0.5018177027692403 0.535949825730209 0.6789232485982204
vn -0.1822820938980253 -0.36288086318635676 0.9138329811170508
vn 0.01445145493423174 0.39421286113344034 0.9189055313617778
vn -0.5018177027692403 0.535949825730209 0.6789232485982204
vn 0.8127748812785203 0.029163415924524285 0.5818474778963131
vn 0.25084063341669527 0.9422345731532316 0.22197519181624528
vn 0.01445145493423174 0.39421286113344034 0.9189055313617778
vn -0.1822820938980253 -0.36288086318635676 0.9138329811170508
vn 0.8127748812785203 0.029163415924524285 0.5818474778963131
vn 0.01445145493423174 0.39421286113344034 0.9189055313617778
vn 0.43560859160225956 -0.8314762635032844 0.3448077408541062
vn 0.8127748812785203 0.029163415924524285 0.5818474778963131
vn -0.1822820938980253 -0.36288086318635676 0.9138329811170508
vn 0.25084063341669527 0.9422345731532316 0.22197519181624528
vn 0.8127748812785203 0.029163415924524285 0.5818474778963131
vn 0.760620942690355 0.4554613774993389 -0.46261292150916006
vn 0.8127748812785203 0.029163415924524285 0.5818474778963131
vn 0.43560859160225956 -0.8314762635032844 0.3448077408541062
vn 0.6479056284120245 -0.4228728883383367 -0.633558850447543
vn 0.999679746016771 0.01638490523323909 -0.019285753403538834
vn 0.9614169485070337 0.27491762912285805 0.009886775050049427
vn 0.9614253459024557 0.2748886593046135 0.009875689447114385
vn 0.9614253459024557 0.2748886593046135 0.009875689447114385
vn 0.9614169485070337 0.27491762912285805 0.009886775050049427
vn 0.8580396787260997 0.5121712694080427 0.038059171359421155
vn -0.99968271054471 0.016309970762534567 -0.01919539246035309
vn -0.9614191137099615 0.27491021390216724 0.009882412934940693
vn -0.9614169717178729 0.2749180231902043 0.009873551439337745
vn -0.9614169717178729 0.2749180231902043 0.009873551439337745
vn -0.9614191137099615 0.27491021390216724 0.009882412934940693
vn -0.8578617478614979 0.5124689284336545 0.038063354372380585
vn -0.9996801683666959 0.016386529543695533 -0.019262466712447336
vn -0.7065670341109512 0.7076461165771857 -9.392058843336759e-7
vn -0.44216964243083345 0.7670920594317694 -0.46481800704072945
vn -0.9996801683666959 0.016386529543695533 -0.019262466712447336
vn -0.4421263682135842 0.7671377144308318 0.4647838224681512
vn -0.7065670341109512 0.7076461165771857 -9.392058843336759e-7
vn -0.9996801683666959 0.016386529543695533 -0.019262466712447336
vn -0.44216964243083345 0.7670920594317694 -0.46481800704072945
vn -0.6934258873536404 0.3472957578880297 -0.631305152284373
vn -0.9996801683666959 0.016386529543695533 -0.019262466712447336
vn -0.693355856833434 0.3473344735775047 0.6313607679127776
vn -0.4421263682135842 0.7671377144308318 0.4647838224681512
vn -0.9996801683666959 0.016386529543695533 -0.019262466712447336
vn -0.6934258873536404 0.3472957578880297 -0.631305152284373
vn -0.4295044586800825 -0.00001229366820826831 -0.9030647373376923
vn -0.9996801683666959 0.016386529543695533 -0.019262466712447336
vn -0.42951649712009965 0.000007160918860035605 0.9030590117209399
vn -0.693355856833434 0.3473344735775047 0.6313607679127776
vn -0.9996801683666959 0.016386529543695533 -0.019262466712447336
vn -0.4295044586800825 -0.00001229366820826831 -0.9030647373376923
vn -0.6933661913314835 -0.3473373162669901 -0.6313478545516072
vn -0.9996801683666959 0.016386529543695533 -0.019262466712447336
vn -0.6934321042581952 -0.3472955582976135 0.6312984333663442
vn -0.42951649712009965 0.000007160918860035605 0.9030590117209399
vn -0.9996801683666959 0.016386529543695533 -0.019262466712447336
vn -0.6933661913314835 -0.3473373162669901 -0.6313478545516072
vn -0.4421234663033005 -0.7671474107540062 -0.4647705785840775
vn -0.9996801683666959 0.016386529543695533 -0.019262466712447336
vn -0.4421354918549097 -0.7671446953412674 0.4647636208353352
vn -0.6934321042581952 -0.3472955582976135 0.6312984333663442
vn -0.9996801683666959 0.016386529543695533 -0.019262466712447336
vn -0.4421234663033005 -0.7671474107540062 -0.4647705785840775
vn -0.7065636340227115 -0.7076495114142749 0.000008470993424270748
vn -0.9996801683666959 0.016386529543695533 -0.019262466712447336
vn -0.7065636340227115 -0.7076495114142749 0.000008470993424270748
vn -0.4421354918549097 -0.7671446953412674 0.4647636208353352
vn -0.9996801695792218 0.016386514662409667 -0.019262416444391608
vn -0.7065668551608234 0.7076462952547108 -6.53454535217378e-7
vn -0.44217075054546623 0.767115433870988 -0.4647783756576727
vn -0.9996801695792218 0.016386514662409667 -0.019262416444391608
vn -0.44212657035866965 0.7671375839933525 0.4647838454676778
vn -0.7065668551608234 0.7076462952547108 -6.53454535217378e-7
vn -0.9996801695792218 0.016386514662409667 -0.019262416444391608
vn -0.44217075054546623 0.767115433870988 -0.4647783756576727
vn -0.693425954183564 0.34729561249512975 -0.6313051588623734
vn -0.9996801695792218 0.016386514662409667 -0.019262416444391608
vn -0.693355799790872 0.34733447486097213 0.6313608298504215
vn -0.44212657035866965 0.7671375839933525 0.4647838454676778
vn -0.9996801695792218 0.016386514662409667 -0.019262416444391608
vn -0.693425954183564 0.34729561249512975 -0.6313051588623734
vn -0.4295052050046619 -0.000012791783947504235 -0.9030643823727484
vn -0.9996801695792218 0.016386514662409667 -0.019262416444391608
vn -0.429516858129304 0.0000071573095866329885 0.903058840016255
vn -0.693355799790872 0.34733447486097213 0.6313608298504215
vn -0.9996801695792218 0.016386514662409667 -0.019262416444391608
vn -0.4295052050046619 -0.000012791783947504235 -0.9030643823727484
vn -0.6933667079966157 -0.34733685932515707 -0.6313475385206407
vn -0.9996801695792218 0.016386514662409667 -0.019262416444391608
vn -0.6934319758307422 -0.3472956132854733 0.6312985441834472
vn -0.429516858129304 0.0000071573095866329885 0.903058840016255
vn -0.9996801695792218 0.016386514662409667 -0.019262416444391608
vn -0.6933667079966157 -0.34733685932515707 -0.6313475385206407
vn -0.4421237445876617 -0.7671471897969623 -0.4647706785699884
vn -0.9996801695792218 0.016386514662409667 -0.019262416444391608
vn -0.44213566876836063 -0.767144811253045 0.4647632612097094
vn -0.6934319758307422 -0.3472956132854733 0.6312985441834472
vn -0.9996801695792218 0.016386514662409667 -0.019262416444391608
vn -0.4421237445876617 -0.7671471897969623 -0.4647706785699884
vn -0.7065636041702335 -0.7076495412121669 0.000009174918135952391
vn -0.9996801695792218 0.016386514662409667 -0.019262416444391608
vn -0.7065636041702335 -0.7076495412121669 0.000009174918135952391
vn -0.44213566876836063 -0.767144811253045 0.4647632612097094
vn 0.9996801464634165 0.016385610900617187 -0.019264384814876058
vn 0.44211963822868305 0.767132001650482 -0.464799653115472
vn 0.7065670540340723 0.7076460769260885 -0.00016722658010904208
vn 0.9996801464634165 0.016385610900617187 -0.019264384814876058
vn 0.6934253570915934 0.3473063408075454 -0.6312999127017754
vn 0.44211963822868305 0.767132001650482 -0.464799653115472
vn 0.9996801464634165 0.016385610900617187 -0.019264384814876058
vn 0.7065670540340723 0.7076460769260885 -0.00016722658010904208
vn 0.4421331361612469 0.7671378385337668 0.4647771795150454
vn 0.9996801464634165 0.016385610900617187 -0.019264384814876058
vn 0.42950953951935283 -0.000010131562448383524 -0.9030623208612043
vn 0.6934253570915934 0.3473063408075454 -0.6312999127017754
vn 0.9996801464634165 0.016385610900617187 -0.019264384814876058
vn 0.4421331361612469 0.7671378385337668 0.4647771795150454
vn 0.6933562816924514 0.3473324210377135 0.6313614305084673
vn 0.9996801464634165 0.016385610900617187 -0.019264384814876058
vn 0.6933654546478455 -0.3473373055328216 -0.6313486695053581
vn 0.42950953951935283 -0.000010131562448383524 -0.9030623208612043
vn 0.9996801464634165 0.016385610900617187 -0.019264384814876058
vn 0.6933562816924514 0.3473324210377135 0.6313614305084673
vn 0.4295240089049589 0.00001478065784631621 0.9030554388052511
vn 0.9996801464634165 0.016385610900617187 -0.019264384814876058
vn 0.4421294655482332 -0.7671437308442912 -0.4647709456499355
vn 0.6933654546478455 -0.3473373055328216 -0.6313486695053581
vn 0.9996801464634165 0.016385610900617187 -0.019264384814876058
vn 0.4295240089049589 0.00001478065784631621 0.9030554388052511
vn 0.693432616634124 -0.34730064244160586 0.6312950735968085
vn 0.9996801464634165 0.016385610900617187 -0.019264384814876058
vn 0.7065637234701263 -0.7076494220936159 -0.000009306026348146003
vn 0.4421294655482332 -0.7671437308442912 -0.4647709456499355
vn 0.9996801464634165 0.016385610900617187 -0.019264384814876058
vn 0.693432616634124 -0.34730064244160586 0.6312950735968085
vn 0.4421397380671025 -0.767077970816453 0.46486970078729273
vn 0.9996801464634165 0.016385610900617187 -0.019264384814876058
vn 0.4421397380671025 -0.767077970816453 0.46486970078729273
vn 0.7065637234701263 -0.7076494220936159 -0.000009306026348146003
vn 0.9996801454033595 0.016385616471177304 -0.019264435085866397
vn 0.44211945209304837 0.7671321677603679 -0.46479955601121387
vn 0.7065671136572494 0.7076460173400034 -0.00016745415751730339
vn 0.9996801454033595 0.016385616471177304 -0.019264435085866397
vn 0.6934254395478466 0.34730668007846954 -0.6312996354828246
vn 0.44211945209304837 0.7671321677603679 -0.46479955601121387
vn 0.9996801454033595 0.016385616471177304 -0.019264435085866397
vn 0.7065671136572494 0.7076460173400034 -0.00016745415751730339
vn 0.44213312022490625 0.767137930092175 0.4647770435532308
vn 0.9996801454033595 0.016385616471177304 -0.019264435085866397
vn 0.42950951521398023 -0.000010344525307306759 -0.9030623324187774
vn 0.6934254395478466 0.34730668007846954 -0.6312996354828246
vn 0.9996801454033595 0.016385616471177304 -0.019264435085866397
vn 0.44213312022490625 0.767137930092175 0.4647770435532308
vn 0.6933562647219881 0.3473325913503993 0.6313613554507348
vn 0.9996801454033595 0.016385616471177304 -0.019264435085866397
vn 0.6933654067266473 -0.34733749019951254 -0.6313486205391555
vn 0.42950951521398023 -0.000010344525307306759 -0.9030623324187774
vn 0.9996801454033595 0.016385616471177304 -0.019264435085866397
vn 0.6933562647219881 0.3473325913503993 0.6313613554507348
vn 0.42952362359456275 0.000014531600067332379 0.9030556220759766
vn 0.9996801454033595 0.016385616471177304 -0.019264435085866397
vn 0.4421290705508971 -0.7671438369237347 -0.4647711463115262
vn 0.6933654067266473 -0.34733749019951254 -0.6313486205391555
vn 0.9996801454033595 0.016385616471177304 -0.019264435085866397
vn 0.42952362359456275 0.000014531600067332379 0.9030556220759766
vn 0.6934327319784946 -0.3473011769476813 0.6312946528457186
vn 0.9996801454033595 0.016385616471177304 -0.019264435085866397
vn 0.7065637533200458 -0.7076493922931713 0.000009021889813993898
vn 0.4421290705508971 -0.7671438369237347 -0.4647711463115262
vn 0.9996801454033595 0.016385616471177304 -0.019264435085866397
vn 0.6934327319784946 -0.3473011769476813 0.6312946528457186
vn 0.44213996103087533 -0.7670779957082684 0.46486944765149035
vn 0.9996801454033595 0.016385616471177304 -0.019264435085866397
vn 0.44213996103087533 -0.7670779957082684 0.46486944765149035
vn 0.7065637533200458 -0.7076493922931713 0.000009021889813993898
vn -0.6478991519873366 -0.42287010028789246 -0.6335673343351895
vn -0.43559556004056144 -0.8314934740758344 0.3447827006133713
vn -0.8127666594687111 0.02906888495220469 0.5818636929588473
vn -0.43559556004056144 -0.8314934740758344 0.3447827006133713
vn 0.182192314753003 -0.3628821155870082 0.9138503874442687
vn -0.8127666594687111 0.02906888495220469 0.5818636929588473
vn -0.43559556004056144 -0.8314934740758344 0.3447827006133713
vn 0.000010993449617867958 -0.9998710490316733 0.016058804047783443
vn 0.182192314753003 -0.3628821155870082 0.9138503874442687
vn -0.8127666594687111 0.02906888495220469 0.5818636929588473
vn 0.182192314753003 -0.3628821155870082 0.9138503874442687
vn 0.014456645748905685 0.39425051657674864 0.9188892945141203
vn -0.8127666594687111 0.02906888495220469 0.5818636929588473
vn 0.014456645748905685 0.39425051657674864 0.9188892945141203
vn -0.25086817209494305 0.942246022249553 0.2218954568814711
vn -0.25086817209494305 0.942246022249553 0.2218954568814711
vn -0.7605664301007297 0.455561767089528 -0.46260369839647675
vn -0.8127666594687111 0.02906888495220469 0.5818636929588473
vn 0.014456645748905685 0.39425051657674864 0.9188892945141203
vn 0.501789085727654 0.536022834143122 0.6788867613393121
vn -0.25086817209494305 0.942246022249553 0.2218954568814711
vn 0.182192314753003 -0.3628821155870082 0.9138503874442687
vn 0.501789085727654 0.536022834143122 0.6788867613393121
vn 0.014456645748905685 0.39425051657674864 0.9188892945141203
vn 0.501789085727654 0.536022834143122 0.6788867613393121
vn 0.01686565613964975 0.999480328425074 0.027470397417683944
vn -0.25086817209494305 0.942246022249553 0.2218954568814711
vn 0.182192314753003 -0.3628821155870082 0.9138503874442687
vn 0.000010993449617867958 -0.9998710490316733 0.016058804047783443
vn 0.5366593672589908 -0.43753040434246626 0.7215011218349543
vn 0.5366593672589908 -0.43753040434246626 0.7215011218349543
vn 0.501789085727654 0.536022834143122 0.6788867613393121
vn 0.182192314753003 -0.3628821155870082 0.9138503874442687
vn 0.18991667457283237 0.9531559561426651 -0.23542595436561045
vn 0.01686565613964975 0.999480328425074 0.027470397417683944
vn 0.501789085727654 0.536022834143122 0.6788867613393121
vn 0.000010993449617867958 -0.9998710490316733 0.016058804047783443
vn 0.8101979888406006 -0.45376380148188605 0.3710493651030191
vn 0.5366593672589908 -0.43753040434246626 0.7215011218349543
vn 0.8101979888406006 -0.45376380148188605 0.3710493651030191
vn 0.501789085727654 0.536022834143122 0.6788867613393121
vn 0.5366593672589908 -0.43753040434246626 0.7215011218349543
vn 0.3166207092890926 -0.8609108973188615 -0.3982257567346749
vn 0.8101979888406006 -0.45376380148188605 0.3710493651030191
vn 0.000010993449617867958 -0.9998710490316733 0.016058804047783443
vn 0.8423350430132652 0.5160678610865991 0.15538866775071916
vn 0.18991667457283237 0.9531559561426651 -0.23542595436561045
vn 0.501789085727654 0.536022834143122 0.6788867613393121
vn 0.501789085727654 0.536022834143122 0.6788867613393121
vn 0.8101979888406006 -0.45376380148188605 0.3710493651030191
vn 0.8423350430132652 0.5160678610865991 0.15538866775071916
vn 0.20644453244309205 0.16916155877721978 -0.9637245571512715
vn 0.2855383784114241 -0.09700846030068946 -0.9534449082586073
vn 0.11183021855636564 -0.11502621957864077 -0.9870476032223987
vn 0.11183021855636564 -0.11502621957864077 -0.9870476032223987
vn 0.2855383784114241 -0.09700846030068946 -0.9534449082586073
vn 0.09034527801771285 -0.3763646170209903 -0.9220560751898692
vn 0.5273992379866289 0.2119655593305132 -0.822751873549265
vn 0.2855383784114241 -0.09700846030068946 -0.9534449082586073
vn 0.20644453244309205 0.16916155877721978 -0.9637245571512715
vn 0.29219478487677486 0.5231748840643529 -0.80056870309491
vn 0.5273992379866289 0.2119655593305132 -0.822751873549265
vn 0.20644453244309205 0.16916155877721978 -0.9637245571512715
vn 0.2855383784114241 -0.09700846030068946 -0.9534449082586073
vn 0.5273992379866289 0.2119655593305132 -0.822751873549265
vn 0.9037274478300084 -0.06082394557606055 -0.42376543946294154
vn 0.7025045784836113 0.40756941029131044 -0.583416226209348
vn 0.5273992379866289 0.2119655593305132 -0.822751873549265
vn 0.29219478487677486 0.5231748840643529 -0.80056870309491
vn 0.5273992379866289 0.2119655593305132 -0.822751873549265
vn 0.7025045784836113 0.40756941029131044 -0.583416226209348
vn 0.9037274478300084 -0.06082394557606055 -0.42376543946294154
vn 0.4378733089294718 -0.8985035522867952 0.030956935493776674
vn 0.2855383784114241 -0.09700846030068946 -0.9534449082586073
vn 0.9037274478300084 -0.06082394557606055 -0.42376543946294154
vn 0.3516468433181611 0.2979193949120322 -0.8874618480360837
vn 0.7025045784836113 0.40756941029131044 -0.583416226209348
vn 0.29219478487677486 0.5231748840643529 -0.80056870309491
vn 0.9037274478300084 -0.06082394557606055 -0.42376543946294154
vn 0.7025045784836113 0.40756941029131044 -0.583416226209348
vn 0.9189415078434294 -0.18972453682298526 0.3457616307367666
vn 0.2855383784114241 -0.09700846030068946 -0.9534449082586073
vn 0.3110923985915534 -0.7503064083775788 -0.5833196491513825
vn 0.09034527801771285 -0.3763646170209903 -0.9220560751898692
vn 0.4378733089294718 -0.8985035522867952 0.030956935493776674
vn 0.3110923985915534 -0.7503064083775788 -0.5833196491513825
vn 0.2855383784114241 -0.09700846030068946 -0.9534449082586073
vn 0.09034527801771285 -0.3763646170209903 -0.9220560751898692
vn 0.3110923985915534 -0.7503064083775788 -0.5833196491513825
vn -0.000014207244059240504 -0.8988982463086768 -0.43815744040394866
vn 0.3110923985915534 -0.7503064083775788 -0.5833196491513825
vn 0.00002808174860580508 -0.9907607749967917 -0.13562111170157906
vn -0.000014207244059240504 -0.8988982463086768 -0.43815744040394866
vn 0.4378733089294718 -0.8985035522867952 0.030956935493776674
vn 0.00002808174860580508 -0.9907607749967917 -0.13562111170157906
vn 0.3110923985915534 -0.7503064083775788 -0.5833196491513825
vn 0.4378733089294718 -0.8985035522867952 0.030956935493776674
vn 0.0005065043249864184 -0.7230989969907199 0.6907442247347305
vn 0.00002808174860580508 -0.9907607749967917 -0.13562111170157906
vn 0.8516730458542128 0.1139198588375979 -0.5115420693626572
vn 0.7025045784836113 0.40756941029131044 -0.583416226209348
vn 0.3516468433181611 0.2979193949120322 -0.8874618480360837
vn 0.7025045784836113 0.40756941029131044 -0.583416226209348
vn 0.9731615519484138 0.22968825078811422 -0.0141386441800873
vn 0.9189415078434294 -0.18972453682298526 0.3457616307367666
vn 0.8516730458542128 0.1139198588375979 -0.5115420693626572
vn 0.9731615519484138 0.22968825078811422 -0.0141386441800873
vn 0.7025045784836113 0.40756941029131044 -0.583416226209348
vn 0.9189415078434294 -0.18972453682298526 0.3457616307367666
vn 0.9731615519484138 0.22968825078811422 -0.0141386441800873
vn 0.707938848737546 -0.6986366498662907 0.10358290356890093
vn 0.7901764979424153 0.19232600614139964 -0.5819207931163473
vn 0.8516730458542128 0.1139198588375979 -0.5115420693626572
vn 0.3516468433181611 0.2979193949120322 -0.8874618480360837
vn 0.9731615519484138 0.22968825078811422 -0.0141386441800873
vn 0.8516730458542128 0.1139198588375979 -0.5115420693626572
vn 0.7901764979424153 0.19232600614139964 -0.5819207931163473
vn 0.7901764979424153 0.19232600614139964 -0.5819207931163473
vn 0.3516468433181611 0.2979193949120322 -0.8874618480360837
vn 0.1664266260896054 0.2539697843724208 -0.9527861915216115
vn 0.9731615519484138 0.22968825078811422 -0.0141386441800873
vn 0.8435354414183731 -0.48772961950084465 -0.22487280256329714
vn 0.707938848737546 -0.6986366498662907 0.10358290356890093
vn 0.19532087858400862 0.5311637633141599 -0.8244481857164282
vn 0.7901764979424153 0.19232600614139964 -0.5819207931163473
vn 0.1664266260896054 0.2539697843724208 -0.9527861915216115
vn 0.7061487282652085 0.5782381170345909 -0.4086497933166238
vn 0.7901764979424153 0.19232600614139964 -0.5819207931163473
vn 0.19532087858400862 0.5311637633141599 -0.8244481857164282
vn 0.24929974769088592 0.7804108794212695 -0.5734182549258278
vn 0.7061487282652085 0.5782381170345909 -0.4086497933166238
vn 0.19532087858400862 0.5311637633141599 -0.8244481857164282
vn 0.6857151290699766 0.6872476836744443 -0.23976109577797697
vn 0.7061487282652085 0.5782381170345909 -0.4086497933166238
vn 0.24929974769088592 0.7804108794212695 -0.5734182549258278
vn 0.6857151290699766 0.6872476836744443 -0.23976109577797697
vn 0.24929974769088592 0.7804108794212695 -0.5734182549258278
vn 0.5406386159858592 0.8364571779894123 -0.0897177590830441
vn 0.7061487282652085 0.5782381170345909 -0.4086497933166238
vn 0.6857151290699766 0.6872476836744443 -0.23976109577797697
vn 0.6133198591352127 0.7428752602216533 0.26828175141252836
vn 0.6133198591352127 0.7428752602216533 0.26828175141252836
vn 0.6857151290699766 0.6872476836744443 -0.23976109577797697
vn 0.5406386159858592 0.8364571779894123 -0.0897177590830441
vn 0.6133198591352127 0.7428752602216533 0.26828175141252836
vn 0.5406386159858592 0.8364571779894123 -0.0897177590830441
vn 0.6043920008104001 0.7626776805266622 0.23028909002137274
vn 0.6043920008104001 0.7626776805266622 0.23028909002137274
vn 0.5406386159858592 0.8364571779894123 -0.0897177590830441
vn 0.275315854340438 0.9582650182624685 0.07700217609409317
vn 0.5447612388290747 0.7978006577121755 0.25835886519225937
vn 0.7061487282652085 0.5782381170345909 -0.4086497933166238
vn 0.6133198591352127 0.7428752602216533 0.26828175141252836
vn 0.9040162303708369 0.42554019659585435 0.04086803527530628
vn 0.7061487282652085 0.5782381170345909 -0.4086497933166238
vn 0.5447612388290747 0.7978006577121755 0.25835886519225937
vn 0.4355162491271954 0.8486133430485248 0.30030149974015335
vn 0.9040162303708369 0.42554019659585435 0.04086803527530628
vn 0.5447612388290747 0.7978006577121755 0.25835886519225937
vn 0.8941546744492685 0.30181879027771075 0.33074587827487995
vn 0.9040162303708369 0.42554019659585435 0.04086803527530628
vn 0.4355162491271954 0.8486133430485248 0.30030149974015335
vn 0.43921071515124693 0.5471902517588481 0.7125144041185544
vn 0.8941546744492685 0.30181879027771075 0.33074587827487995
vn 0.4355162491271954 0.8486133430485248 0.30030149974015335
vn 0.3400601540212172 0.3205564706326899 0.8840829377284574
vn 0.8941546744492685 0.30181879027771075 0.33074587827487995
vn 0.43921071515124693 0.5471902517588481 0.7125144041185544
vn 0.9584711802533443 0.2592934075385367 -0.11874310687705503
vn 0.9040162303708369 0.42554019659585435 0.04086803527530628
vn 0.8941546744492685 0.30181879027771075 0.33074587827487995
vn 0.6764556670057081 0.39456152358928714 0.6218753369275571
vn 0.8941546744492685 0.30181879027771075 0.33074587827487995
vn 0.3400601540212172 0.3205564706326899 0.8840829377284574
vn 0.8941546744492685 0.30181879027771075 0.33074587827487995
vn 0.851646665762397 -0.5207037950200842 0.059711929691428675
vn 0.9584711802533443 0.2592934075385367 -0.11874310687705503
vn 0.9358828121125248 -0.26599973591791237 -0.2310140742118398
vn 0.851646665762397 -0.5207037950200842 0.059711929691428675
vn 0.8941546744492685 0.30181879027771075 0.33074587827487995
vn 0.6764556670057081 0.39456152358928714 0.6218753369275571
vn 0.9358828121125248 -0.26599973591791237 -0.2310140742118398
vn 0.8941546744492685 0.30181879027771075 0.33074587827487995
vn 0.851646665762397 -0.5207037950200842 0.059711929691428675
vn 0.8746288948537971 -0.4769499563790937 0.08685064995039593
vn 0.9584711802533443 0.2592934075385367 -0.11874310687705503
vn 0.3400601540212172 0.3205564706326899 0.8840829377284574
vn 0.6072880200954822 0.1767371048705455 0.7745742420262162
vn 0.6764556670057081 0.39456152358928714 0.6218753369275571
vn 0.6072880200954822 0.1767371048705455 0.7745742420262162
vn 0.9358828121125248 -0.26599973591791237 -0.2310140742118398
vn 0.6764556670057081 0.39456152358928714 0.6218753369275571
vn 0.14992377477622515 0.15975842216192934 0.9757049289130287
vn 0.6072880200954822 0.1767371048705455 0.7745742420262162
vn 0.3400601540212172 0.3205564706326899 0.8840829377284574
vn 0.9517307950577555 -0.2599603851717709 -0.16318422681153003
vn 0.9358828121125248 -0.26599973591791237 -0.2310140742118398
vn 0.6072880200954822 0.1767371048705455 0.7745742420262162
vn 0.17792988340196744 -0.011846091942284188 0.9839718627573947
vn 0.6072880200954822 0.1767371048705455 0.7745742420262162
vn 0.14992377477622515 0.15975842216192934 0.9757049289130287
vn 0.5225749144257993 -0.15230648593957596 0.8388791290487603
vn 0.9517307950577555 -0.2599603851717709 -0.16318422681153003
vn 0.6072880200954822 0.1767371048705455 0.7745742420262162
vn 0.5225749144257993 -0.15230648593957596 0.8388791290487603
vn 0.6072880200954822 0.1767371048705455 0.7745742420262162
vn 0.17792988340196744 -0.011846091942284188 0.9839718627573947
vn 0.14451800285083477 -0.3339179753867551 0.9314576386318472
vn 0.5225749144257993 -0.15230648593957596 0.8388791290487603
vn 0.17792988340196744 -0.011846091942284188 0.9839718627573947
vn 0.7182373474479525 -0.6719731157922213 -0.18051937398357765
vn 0.9517307950577555 -0.2599603851717709 -0.16318422681153003
vn 0.5225749144257993 -0.15230648593957596 0.8388791290487603
vn 0.21872403072743662 -0.7551484823177732 0.6179891326192615
vn 0.5225749144257993 -0.15230648593957596 0.8388791290487603
vn 0.14451800285083477 -0.3339179753867551 0.9314576386318472
vn 0.21872403072743662 -0.7551484823177732 0.6179891326192615
vn 0.7182373474479525 -0.6719731157922213 -0.18051937398357765
vn 0.5225749144257993 -0.15230648593957596 0.8388791290487603
vn -4.233522229684698e-7 -0.9531614868449181 -0.30246186535728076
vn 0.7182373474479525 -0.6719731157922213 -0.18051937398357765
vn 0.21872403072743662 -0.7551484823177732 0.6179891326192615
vn 0.00000115411571421954 -0.8737207806631924 0.4864277926228824
vn -4.233522229684698e-7 -0.9531614868449181 -0.30246186535728076
vn 0.21872403072743662 -0.7551484823177732 0.6179891326192615
vn 0.9584711802533443 0.2592934075385367 -0.11874310687705503
vn 0.8746288948537971 -0.4769499563790937 0.08685064995039593
vn 0.9452688268196998 0.177849161847745 -0.27356264487857745
vn 0.9452688268196998 0.177849161847745 -0.27356264487857745
vn 0.7901764979424153 0.19232600614139964 -0.5819207931163473
vn 0.9584711802533443 0.2592934075385367 -0.11874310687705503
vn 0.8746288948537971 -0.4769499563790937 0.08685064995039593
vn 0.8778303263187344 -0.4490685163708734 0.16658747191672874
vn 0.9452688268196998 0.177849161847745 -0.27356264487857745
vn 0.9452688268196998 0.177849161847745 -0.27356264487857745
vn 0.9731615519484138 0.22968825078811422 -0.0141386441800873
vn 0.7901764979424153 0.19232600614139964 -0.5819207931163473
vn 0.9452688268196998 0.177849161847745 -0.27356264487857745
vn 0.8778303263187344 -0.4490685163708734 0.16658747191672874
vn 0.9341041277014894 0.004920650650346323 -0.3569667572873093
vn 0.9341041277014894 0.004920650650346323 -0.3569667572873093
vn 0.9731615519484138 0.22968825078811422 -0.0141386441800873
vn 0.9452688268196998 0.177849161847745 -0.27356264487857745
vn 0.8778303263187344 -0.4490685163708734 0.16658747191672874
vn 0.6747516321773805 -0.6480725934601528 0.3531460724399924
vn 0.9341041277014894 0.004920650650346323 -0.3569667572873093
vn 0.8435354414183731 -0.48772961950084465 -0.22487280256329714
vn 0.9731615519484138 0.22968825078811422 -0.0141386441800873
vn 0.9341041277014894 0.004920650650346323 -0.3569667572873093
vn 0.9341041277014894 0.004920650650346323 -0.3569667572873093
vn 0.6747516321773805 -0.6480725934601528 0.3531460724399924
vn 0.704334079838763 -0.7019114490531759 -0.10598972434039995
vn 0.9341041277014894 0.004920650650346323 -0.3569667572873093
vn 0.704334079838763 -0.7019114490531759 -0.10598972434039995
vn 0.8435354414183731 -0.48772961950084465 -0.22487280256329714
vn 0.8435354414183731 -0.48772961950084465 -0.22487280256329714
vn 0.704334079838763 -0.7019114490531759 -0.10598972434039995
vn 0.5459073837678512 -0.5543300566023726 -0.6282541815976638
vn 0.704334079838763 -0.7019114490531759 -0.10598972434039995
vn 0.28572153776184733 -0.7446262766372298 -0.6032370272126711
vn 0.5459073837678512 -0.5543300566023726 -0.6282541815976638
vn -0.000014207244059240504 -0.8988982463086768 -0.43815744040394866
vn 0.00002808174860580508 -0.9907607749967917 -0.13562111170157906
vn -0.25168290583504355 -0.7536296799331422 -0.607205089269102
vn -0.25168290583504355 -0.7536296799331422 -0.607205089269102
vn -0.09190588541477279 -0.37482148804510823 -0.9225303032018936
vn -0.000014207244059240504 -0.8988982463086768 -0.43815744040394866
vn 0.00002808174860580508 -0.9907607749967917 -0.13562111170157906
vn -0.6009334291831419 -0.7738887623923184 -0.19993798321748596
vn -0.25168290583504355 -0.7536296799331422 -0.607205089269102
vn -0.6009334291831419 -0.7738887623923184 -0.19993798321748596
vn 0.00002808174860580508 -0.9907607749967917 -0.13562111170157906
vn 0.0005065043249864184 -0.7230989969907199 0.6907442247347305
vn -0.2869197449858558 -0.10406019617096336 -0.9522859525951813
vn -0.09190588541477279 -0.37482148804510823 -0.9225303032018936
vn -0.25168290583504355 -0.7536296799331422 -0.607205089269102
vn -0.25168290583504355 -0.7536296799331422 -0.607205089269102
vn -0.6009334291831419 -0.7738887623923184 -0.19993798321748596
vn -0.2869197449858558 -0.10406019617096336 -0.9522859525951813
vn -0.2869197449858558 -0.10406019617096336 -0.9522859525951813
vn -0.11202630401510875 -0.11564177275584737 -0.9869534374035076
vn -0.09190588541477279 -0.37482148804510823 -0.9225303032018936
vn -0.6009334291831419 -0.7738887623923184 -0.19993798321748596
vn -0.9073769867688063 -0.05143985051025525 -0.41715817822720913
vn -0.2869197449858558 -0.10406019617096336 -0.9522859525951813
vn -0.2869197449858558 -0.10406019617096336 -0.9522859525951813
vn -0.20645168136057843 0.16927411916485252 -0.9637032613021258
vn -0.11202630401510875 -0.11564177275584737 -0.9869534374035076
vn -0.2869197449858558 -0.10406019617096336 -0.9522859525951813
vn -0.5312440868643588 0.2108901839400306 -0.8205516744784535
vn -0.20645168136057843 0.16927411916485252 -0.9637032613021258
vn -0.2869197449858558 -0.10406019617096336 -0.9522859525951813
vn -0.9073769867688063 -0.05143985051025525 -0.41715817822720913
vn -0.5312440868643588 0.2108901839400306 -0.8205516744784535
vn -0.2921972584994779 0.5231740496529204 -0.8005683455490561
vn -0.20645168136057843 0.16927411916485252 -0.9637032613021258
vn -0.5312440868643588 0.2108901839400306 -0.8205516744784535
vn -0.9073769867688063 -0.05143985051025525 -0.41715817822720913
vn -0.7027767837306746 0.4069716299976533 -0.5835056851704374
vn -0.5312440868643588 0.2108901839400306 -0.8205516744784535
vn -0.5312440868643588 0.2108901839400306 -0.8205516744784535
vn -0.7027767837306746 0.4069716299976533 -0.5835056851704374
vn -0.2921972584994779 0.5231740496529204 -0.8005683455490561
vn -0.7027767837306746 0.4069716299976533 -0.5835056851704374
vn -0.9073769867688063 -0.05143985051025525 -0.41715817822720913
vn -0.9190252463804836 -0.19051337326120854 0.3451046958879681
vn -0.7027767837306746 0.4069716299976533 -0.5835056851704374
vn -0.3515786468331535 0.29791223492257013 -0.8874912705905385
vn -0.2921972584994779 0.5231740496529204 -0.8005683455490561
vn -0.7027767837306746 0.4069716299976533 -0.5835056851704374
vn -0.8517226946650958 0.11391880060680264 -0.5114596350258109
vn -0.3515786468331535 0.29791223492257013 -0.8874912705905385
vn -0.9740039743050681 0.22623299147775472 -0.011614284522033728
vn -0.7027767837306746 0.4069716299976533 -0.5835056851704374
vn -0.9190252463804836 -0.19051337326120854 0.3451046958879681
vn -0.9740039743050681 0.22623299147775472 -0.011614284522033728
vn -0.8517226946650958 0.11391880060680264 -0.5114596350258109
vn -0.7027767837306746 0.4069716299976533 -0.5835056851704374
vn -0.9740039743050681 0.22623299147775472 -0.011614284522033728
vn -0.9190252463804836 -0.19051337326120854 0.3451046958879681
vn -0.705225039492063 -0.7001475583011171 0.11158422952371859
vn -0.3515786468331535 0.29791223492257013 -0.8874912705905385
vn -0.8517226946650958 0.11391880060680264 -0.5114596350258109
vn -0.7902029842096221 0.1923078469328637 -0.5818908280375746
vn -0.9740039743050681 0.22623299147775472 -0.011614284522033728
vn -0.7902029842096221 0.1923078469328637 -0.5818908280375746
vn -0.8517226946650958 0.11391880060680264 -0.5114596350258109
vn -0.3515786468331535 0.29791223492257013 -0.8874912705905385
vn -0.7902029842096221 0.1923078469328637 -0.5818908280375746
vn -0.16654141489651147 0.25395748388819445 -0.9527694125555488
vn -0.9740039743050681 0.22623299147775472 -0.011614284522033728
vn -0.705225039492063 -0.7001475583011171 0.11158422952371859
vn -0.8346381336418375 -0.5012466400925198 -0.22832212259619092
vn -0.16654141489651147 0.25395748388819445 -0.9527694125555488
vn -0.7902029842096221 0.1923078469328637 -0.5818908280375746
vn -0.1953321999887975 0.5311930197372866 -0.8244266537600049
vn -0.7902029842096221 0.1923078469328637 -0.5818908280375746
vn -0.7061673191241468 0.5782316749922055 -0.4086267825739326
vn -0.1953321999887975 0.5311930197372866 -0.8244266537600049
vn -0.1953321999887975 0.5311930197372866 -0.8244266537600049
vn -0.7061673191241468 0.5782316749922055 -0.4086267825739326
vn -0.2493134302730565 0.7804126779414579 -0.5734098582983417
vn -0.7061673191241468 0.5782316749922055 -0.4086267825739326
vn -0.6857182167953622 0.6872426651422102 -0.2397666498143986
vn -0.2493134302730565 0.7804126779414579 -0.5734098582983417
vn -0.2493134302730565 0.7804126779414579 -0.5734098582983417
vn -0.6857182167953622 0.6872426651422102 -0.2397666498143986
vn -0.5406406981160733 0.8364560392625561 -0.08971582871356713
vn -0.6857182167953622 0.6872426651422102 -0.2397666498143986
vn -0.7061673191241468 0.5782316749922055 -0.4086267825739326
vn -0.6133196793043908 0.7428751397806701 0.2682824960257544
vn -0.5406406981160733 0.8364560392625561 -0.08971582871356713
vn -0.6857182167953622 0.6872426651422102 -0.2397666498143986
vn -0.6133196793043908 0.7428751397806701 0.2682824960257544
vn -0.6133196793043908 0.7428751397806701 0.2682824960257544
vn -0.6043910798692086 0.762674368362297 0.23030247592612463
vn -0.5406406981160733 0.8364560392625561 -0.08971582871356713
vn -0.5406406981160733 0.8364560392625561 -0.08971582871356713
vn -0.6043910798692086 0.762674368362297 0.23030247592612463
vn -0.2753661018848599 0.9585775283021115 0.07281917444568896
vn -0.6133196793043908 0.7428751397806701 0.2682824960257544
vn -0.7061673191241468 0.5782316749922055 -0.4086267825739326
vn -0.544753664422776 0.7978049424857051 0.2583616048164631
vn -0.7061673191241468 0.5782316749922055 -0.4086267825739326
vn -0.904022109953234 0.42552772746402046 0.040867809765256856
vn -0.544753664422776 0.7978049424857051 0.2583616048164631
vn -0.544753664422776 0.7978049424857051 0.2583616048164631
vn -0.904022109953234 0.42552772746402046 0.040867809765256856
vn -0.43551238598271547 0.8486138431601883 0.30030568901127697
vn -0.904022109953234 0.42552772746402046 0.040867809765256856
vn -0.8942202231458627 0.30173864629389735 0.3306417726931819
vn -0.43551238598271547 0.8486138431601883 0.30030568901127697
vn -0.43551238598271547 0.8486138431601883 0.30030568901127697
vn -0.8942202231458627 0.30173864629389735 0.3306417726931819
vn -0.43921293897320224 0.5472710615123875 0.7124509663616344
vn -0.8942202231458627 0.30173864629389735 0.3306417726931819
vn -0.3400774352839537 0.3205490162017228 0.8840789932029808
vn -0.43921293897320224 0.5472710615123875 0.7124509663616344
vn -0.904022109953234 0.42552772746402046 0.040867809765256856
vn -0.9625269963450843 0.24381371330902904 -0.11872933297788128
vn -0.8942202231458627 0.30173864629389735 0.3306417726931819
vn -0.8942202231458627 0.30173864629389735 0.3306417726931819
vn -0.6763990419431773 0.3945899248224692 0.6219189073238971
vn -0.3400774352839537 0.3205490162017228 0.8840789932029808
vn -0.8942202231458627 0.30173864629389735 0.3306417726931819
vn -0.9625269963450843 0.24381371330902904 -0.11872933297788128
vn -0.8515531619659408 -0.5215370776908568 0.05344426011733352
vn -0.9358757197380286 -0.2658880369772574 -0.23117134121081565
vn -0.8942202231458627 0.30173864629389735 0.3306417726931819
vn -0.8515531619659408 -0.5215370776908568 0.05344426011733352
vn -0.6763990419431773 0.3945899248224692 0.6219189073238971
vn -0.8942202231458627 0.30173864629389735 0.3306417726931819
vn -0.9358757197380286 -0.2658880369772574 -0.23117134121081565
vn -0.8515531619659408 -0.5215370776908568 0.05344426011733352
vn -0.9625269963450843 0.24381371330902904 -0.11872933297788128
vn -0.8631430985234326 -0.4952226350531777 0.09868400682154568
vn -0.3400774352839537 0.3205490162017228 0.8840789932029808
vn -0.6763990419431773 0.3945899248224692 0.6219189073238971
vn -0.6072861105525158 0.17672931092445318 0.7745775174830248
vn -0.6072861105525158 0.17672931092445318 0.7745775174830248
vn -0.6763990419431773 0.3945899248224692 0.6219189073238971
vn -0.9358757197380286 -0.2658880369772574 -0.23117134121081565
vn -0.6072861105525158 0.17672931092445318 0.7745775174830248
vn -0.14991459261813345 0.15976242733190438 0.9757056839709182
vn -0.3400774352839537 0.3205490162017228 0.8840789932029808
vn -0.6072861105525158 0.17672931092445318 0.7745775174830248
vn -0.9358757197380286 -0.2658880369772574 -0.23117134121081565
vn -0.9517393642729572 -0.25995066583070314 -0.1631497282482609
vn -0.17791834966928835 -0.011846148737410673 0.9839739476282122
vn -0.14991459261813345 0.15976242733190438 0.9757056839709182
vn -0.6072861105525158 0.17672931092445318 0.7745775174830248
vn -0.9625269963450843 0.24381371330902904 -0.11872933297788128
vn -0.9537428384348428 0.1601349225240592 -0.2544236717022672
vn -0.8631430985234326 -0.4952226350531777 0.09868400682154568
vn -0.7902029842096221 0.1923078469328637 -0.5818908280375746
vn -0.9537428384348428 0.1601349225240592 -0.2544236717022672
vn -0.9625269963450843 0.24381371330902904 -0.11872933297788128
vn -0.8631430985234326 -0.4952226350531777 0.09868400682154568
vn -0.9537428384348428 0.1601349225240592 -0.2544236717022672
vn -0.8710905167569177 -0.4506773277126782 0.19516981811213877
vn -0.9740039743050681 0.22623299147775472 -0.011614284522033728
vn -0.9537428384348428 0.1601349225240592 -0.2544236717022672
vn -0.7902029842096221 0.1923078469328637 -0.5818908280375746
vn -0.5225435455297025 -0.15233284118159945 0.8388938839464676
vn -0.17791834966928835 -0.011846148737410673 0.9839739476282122
vn -0.6072861105525158 0.17672931092445318 0.7745775174830248
vn -0.5225435455297025 -0.15233284118159945 0.8388938839464676
vn -0.6072861105525158 0.17672931092445318 0.7745775174830248
vn -0.9517393642729572 -0.25995066583070314 -0.1631497282482609
vn -0.5225435455297025 -0.15233284118159945 0.8388938839464676
vn -0.1445185865426547 -0.3339160143173458 0.9314582510913365
vn -0.17791834966928835 -0.011846148737410673 0.9839739476282122
vn -0.5225435455297025 -0.15233284118159945 0.8388938839464676
vn -0.9517393642729572 -0.25995066583070314 -0.1631497282482609
vn -0.7182413441225721 -0.6719634031945851 -0.1805396254569957
vn -0.5225435455297025 -0.15233284118159945 0.8388938839464676
vn -0.2187301271747204 -0.7551075403896433 0.6180370004399687
vn -0.1445185865426547 -0.3339160143173458 0.9314582510913365
vn -0.5225435455297025 -0.15233284118159945 0.8388938839464676
vn -0.7182413441225721 -0.6719634031945851 -0.1805396254569957
vn -0.2187301271747204 -0.7551075403896433 0.6180370004399687
vn -0.2187301271747204 -0.7551075403896433 0.6180370004399687
vn -0.7182413441225721 -0.6719634031945851 -0.1805396254569957
vn -4.233522229684698e-7 -0.9531614868449181 -0.30246186535728076
vn -0.2187301271747204 -0.7551075403896433 0.6180370004399687
vn -4.233522229684698e-7 -0.9531614868449181 -0.30246186535728076
vn 0.00000115411571421954 -0.8737207806631924 0.4864277926228824
vn -0.9740039743050681 0.22623299147775472 -0.011614284522033728
vn -0.9403939257710859 0.0006186090183884467 -0.3400865797054152
vn -0.9537428384348428 0.1601349225240592 -0.2544236717022672
vn -0.9537428384348428 0.1601349225240592 -0.2544236717022672
vn -0.9403939257710859 0.0006186090183884467 -0.3400865797054152
vn -0.8710905167569177 -0.4506773277126782 0.19516981811213877
vn -0.8710905167569177 -0.4506773277126782 0.19516981811213877
vn -0.9403939257710859 0.0006186090183884467 -0.3400865797054152
vn -0.6762923071783673 -0.6457915372495658 0.35437551505176423
vn -0.9740039743050681 0.22623299147775472 -0.011614284522033728
vn -0.8346381336418375 -0.5012466400925198 -0.22832212259619092
vn -0.9403939257710859 0.0006186090183884467 -0.3400865797054152
vn -0.9403939257710859 0.0006186090183884467 -0.3400865797054152
vn -0.7045359219836185 -0.7015943134693333 -0.1067452759712934
vn -0.6762923071783673 -0.6457915372495658 0.35437551505176423
vn -0.7045359219836185 -0.7015943134693333 -0.1067452759712934
vn -0.9403939257710859 0.0006186090183884467 -0.3400865797054152
vn -0.8346381336418375 -0.5012466400925198 -0.22832212259619092
vn -0.5581005832565458 -0.5377821942416467 -0.6319130086691863
vn -0.7045359219836185 -0.7015943134693333 -0.1067452759712934
vn -0.8346381336418375 -0.5012466400925198 -0.22832212259619092
vn -0.2820060185023075 -0.7465115605274435 -0.602655038581241
vn -0.7045359219836185 -0.7015943134693333 -0.1067452759712934
vn -0.5581005832565458 -0.5377821942416467 -0.6319130086691863
vn 0.000016564579281703517 0.4501275303893992 -0.8929642804228819
vn -0.00883835014676652 0.9418014494110263 -0.3360534383903449
vn -0.007466648484946237 0.7715494405019517 0.6361255458017132
vn -0.00883835014676652 0.9418014494110263 -0.3360534383903449
vn -0.0032178245488662686 0.12623621707564578 0.991994991471027
vn -0.007466648484946237 0.7715494405019517 0.6361255458017132
vn -0.007466648484946237 0.7715494405019517 0.6361255458017132
vn -0.0032178245488662686 0.12623621707564578 0.991994991471027
vn -0.0019770893350477777 -0.6576858786267389 0.7532897026859826
vn -0.0032178245488662686 0.12623621707564578 0.991994991471027
vn -0.005657875101643977 -0.921523233349275 0.3882820094297853
vn -0.0019770893350477777 -0.6576858786267389 0.7532897026859826
vn -0.000010349126459135558 -0.4362528277792787 -0.8998241328990231
vn -0.005650277845157532 -0.9214582059166685 0.38843641578655713
vn -0.000005572730170586947 -0.8990626512715767 -0.4378199961827552
vn -0.005650277845157532 -0.9214582059166685 0.38843641578655713
vn -0.0032117158891938505 0.126272243569802 0.9919904260550583
vn -0.001986869587820394 -0.6577366514275383 0.7532453449694396
vn -0.001986869587820394 -0.6577366514275383 0.7532453449694396
vn -0.0032117158891938505 0.126272243569802 0.9919904260550583
vn -0.0074704183490051715 0.77161301376166 0.6360483864010185
vn -0.0032117158891938505 0.126272243569802 0.9919904260550583
vn -0.00882094176023626 0.9417932128036046 -0.33607697824088867
vn -0.0074704183490051715 0.77161301376166 0.6360483864010185
vn -0.0074704183490051715 0.77161301376166 0.6360483864010185
vn -0.00882094176023626 0.9417932128036046 -0.33607697824088867
vn -0.000014285868009078674 0.4501279589320275 -0.8929640644413418
vn 0.44211963822868305 0.767132001650482 -0.464799653115472
vn -0.4466205501657079 0.8947234678351432 0.00001657515518170748
vn 0.7065670540340723 0.7076460769260885 -0.00016722658010904208
vn 0.44211963822868305 0.767132001650482 -0.464799653115472
vn -0.7020753560651768 0.6090518182892801 -0.3689797786389883
vn -0.4466205501657079 0.8947234678351432 0.00001657515518170748
vn 0.44211963822868305 0.767132001650482 -0.464799653115472
vn -0.4335986632366537 0.4343165415714634 -0.7895323558644004
vn -0.7020753560651768 0.6090518182892801 -0.3689797786389883
vn 0.44211963822868305 0.767132001650482 -0.464799653115472
vn 0.6934253570915934 0.3473063408075454 -0.6312999127017754
vn -0.4335986632366537 0.4343165415714634 -0.7895323558644004
vn 0.42950953951935283 -0.000010131562448383524 -0.9030623208612043
vn -0.4335986632366537 0.4343165415714634 -0.7895323558644004
vn 0.6934253570915934 0.3473063408075454 -0.6312999127017754
vn 0.42950953951935283 -0.000010131562448383524 -0.9030623208612043
vn -0.6892763212352951 -0.000007908384571472428 -0.7244985527396143
vn -0.4335986632366537 0.4343165415714634 -0.7895323558644004
vn 0.42950953951935283 -0.000010131562448383524 -0.9030623208612043
vn -0.43358608104925556 -0.43429618096881284 -0.7895504654651612
vn -0.6892763212352951 -0.000007908384571472428 -0.7244985527396143
vn 0.42950953951935283 -0.000010131562448383524 -0.9030623208612043
vn 0.6933654546478455 -0.3473373055328216 -0.6313486695053581
vn -0.43358608104925556 -0.43429618096881284 -0.7895504654651612
vn 0.4421294655482332 -0.7671437308442912 -0.4647709456499355
vn -0.43358608104925556 -0.43429618096881284 -0.7895504654651612
vn 0.6933654546478455 -0.3473373055328216 -0.6313486695053581
vn 0.4421294655482332 -0.7671437308442912 -0.4647709456499355
vn -0.7020078915144708 -0.6090750113557982 -0.3690698454132241
vn -0.43358608104925556 -0.43429618096881284 -0.7895504654651612
vn 0.4421294655482332 -0.7671437308442912 -0.4647709456499355
vn -0.4466070511809038 -0.8947302060991891 -0.000011366640084145552
vn -0.7020078915144708 -0.6090750113557982 -0.3690698454132241
vn 0.4421294655482332 -0.7671437308442912 -0.4647709456499355
vn 0.7065637234701263 -0.7076494220936159 -0.000009306026348146003
vn -0.4466070511809038 -0.8947302060991891 -0.000011366640084145552
vn 0.4421397380671025 -0.767077970816453 0.46486970078729273
vn -0.4466070511809038 -0.8947302060991891 -0.000011366640084145552
vn 0.7065637234701263 -0.7076494220936159 -0.000009306026348146003
vn 0.4421397380671025 -0.767077970816453 0.46486970078729273
vn -0.7020671779448168 -0.609026833287171 0.36903657540791485
vn -0.4466070511809038 -0.8947302060991891 -0.000011366640084145552
vn 0.4421397380671025 -0.767077970816453 0.46486970078729273
vn -0.43357685931406253 -0.4343245101882714 0.7895399463719818
vn -0.7020671779448168 -0.609026833287171 0.36903657540791485
vn 0.4421397380671025 -0.767077970816453 0.46486970078729273
vn 0.693432616634124 -0.34730064244160586 0.6312950735968085
vn -0.43357685931406253 -0.4343245101882714 0.7895399463719818
vn 0.4295240089049589 0.00001478065784631621 0.9030554388052511
vn -0.43357685931406253 -0.4343245101882714 0.7895399463719818
vn 0.693432616634124 -0.34730064244160586 0.6312950735968085
vn 0.4295240089049589 0.00001478065784631621 0.9030554388052511
vn -0.6892786114526813 0.0000013901768803690377 0.7244963738984004
vn -0.43357685931406253 -0.4343245101882714 0.7895399463719818
vn 0.4295240089049589 0.00001478065784631621 0.9030554388052511
vn -0.4335888074832508 0.43430251350747634 0.7895454849382275
vn -0.6892786114526813 0.0000013901768803690377 0.7244963738984004
vn 0.4295240089049589 0.00001478065784631621 0.9030554388052511
vn 0.6933562816924514 0.3473324210377135 0.6313614305084673
vn -0.4335888074832508 0.43430251350747634 0.7895454849382275
vn 0.4421331361612469 0.7671378385337668 0.4647771795150454
vn -0.4335888074832508 0.43430251350747634 0.7895454849382275
vn 0.6933562816924514 0.3473324210377135 0.6313614305084673
vn 0.4421331361612469 0.7671378385337668 0.4647771795150454
vn -0.7019984106833086 0.6090883595923634 0.36906584996067116
vn -0.4335888074832508 0.43430251350747634 0.7895454849382275
vn 0.4421331361612469 0.7671378385337668 0.4647771795150454
vn -0.4466205501657079 0.8947234678351432 0.00001657515518170748
vn -0.7019984106833086 0.6090883595923634 0.36906584996067116
vn 0.4421331361612469 0.7671378385337668 0.4647771795150454
vn 0.7065670540340723 0.7076460769260885 -0.00016722658010904208
vn -0.4466205501657079 0.8947234678351432 0.00001657515518170748
vn 0.7182373474479525 -0.6719731157922213 -0.18051937398357765
vn -0.000001100839864494612 -0.2251650507291674 -0.974320635072931
vn 0.9517307950577555 -0.2599603851717709 -0.16318422681153003
vn 0.7182373474479525 -0.6719731157922213 -0.18051937398357765
vn -4.233522229684698e-7 -0.9531614868449181 -0.30246186535728076
vn -0.000001100839864494612 -0.2251650507291674 -0.974320635072931
vn -0.000001100839864494612 -0.2251650507291674 -0.974320635072931
vn -4.233522229684698e-7 -0.9531614868449181 -0.30246186535728076
vn -0.7182413441225721 -0.6719634031945851 -0.1805396254569957
vn -0.000001100839864494612 -0.2251650507291674 -0.974320635072931
vn -0.7182413441225721 -0.6719634031945851 -0.1805396254569957
vn -0.9517393642729572 -0.25995066583070314 -0.1631497282482609
vn 0.9517307950577555 -0.2599603851717709 -0.16318422681153003
vn -0.000001100839864494612 -0.2251650507291674 -0.974320635072931
vn 0.9358828121125248 -0.26599973591791237 -0.2310140742118398
vn -0.9358757197380286 -0.2658880369772574 -0.23117134121081565
vn -0.000001100839864494612 -0.2251650507291674 -0.974320635072931
vn -0.9517393642729572 -0.25995066583070314 -0.1631497282482609
vn -0.000001100839864494612 -0.2251650507291674 -0.974320635072931
vn -0.000005235307570876879 -0.9335381468395229 -0.3584780723670848
vn 0.9358828121125248 -0.26599973591791237 -0.2310140742118398
vn -0.000005235307570876879 -0.9335381468395229 -0.3584780723670848
vn -0.000001100839864494612 -0.2251650507291674 -0.974320635072931
vn -0.9358757197380286 -0.2658880369772574 -0.23117134121081565
vn 0.9358828121125248 -0.26599973591791237 -0.2310140742118398
vn -0.000005235307570876879 -0.9335381468395229 -0.3584780723670848
vn 0.851646665762397 -0.5207037950200842 0.059711929691428675
vn -0.8515531619659408 -0.5215370776908568 0.05344426011733352
vn -0.000005235307570876879 -0.9335381468395229 -0.3584780723670848
vn -0.9358757197380286 -0.2658880369772574 -0.23117134121081565
vn -0.000005235307570876879 -0.9335381468395229 -0.3584780723670848
vn -0.00020418902722854065 -0.9594811273836152 0.2817728242778349
vn 0.851646665762397 -0.5207037950200842 0.059711929691428675
vn -0.00020418902722854065 -0.9594811273836152 0.2817728242778349
vn -0.000005235307570876879 -0.9335381468395229 -0.3584780723670848
vn -0.8515531619659408 -0.5215370776908568 0.05344426011733352
vn 0.851646665762397 -0.5207037950200842 0.059711929691428675
vn -0.00020418902722854065 -0.9594811273836152 0.2817728242778349
vn 0.8746288948537971 -0.4769499563790937 0.08685064995039593
vn -0.8631430985234326 -0.4952226350531777 0.09868400682154568
vn -0.00020418902722854065 -0.9594811273836152 0.2817728242778349
vn -0.8515531619659408 -0.5215370776908568 0.05344426011733352
vn -0.00020418902722854065 -0.9594811273836152 0.2817728242778349
vn -0.0002531103709524046 -0.8736715441494238 0.4865161547972497
vn 0.8746288948537971 -0.4769499563790937 0.08685064995039593
vn -0.0002531103709524046 -0.8736715441494238 0.4865161547972497
vn -0.00020418902722854065 -0.9594811273836152 0.2817728242778349
vn -0.8631430985234326 -0.4952226350531777 0.09868400682154568
vn 0.8746288948537971 -0.4769499563790937 0.08685064995039593
vn -0.0002531103709524046 -0.8736715441494238 0.4865161547972497
vn 0.8778303263187344 -0.4490685163708734 0.16658747191672874
vn -0.8710905167569177 -0.4506773277126782 0.19516981811213877
vn -0.0002531103709524046 -0.8736715441494238 0.4865161547972497
vn -0.8631430985234326 -0.4952226350531777 0.09868400682154568
vn -0.0002531103709524046 -0.8736715441494238 0.4865161547972497
vn -0.000030376080158897093 -0.49944763390160685 0.8663440771814512
vn 0.8778303263187344 -0.4490685163708734 0.16658747191672874
vn -0.000030376080158897093 -0.49944763390160685 0.8663440771814512
vn -0.0002531103709524046 -0.8736715441494238 0.4865161547972497
vn -0.8710905167569177 -0.4506773277126782 0.19516981811213877
vn 0.8778303263187344 -0.4490685163708734 0.16658747191672874
vn -0.000030376080158897093 -0.49944763390160685 0.8663440771814512
vn 0.6747516321773805 -0.6480725934601528 0.3531460724399924
vn -0.6762923071783673 -0.6457915372495658 0.35437551505176423
vn -0.000030376080158897093 -0.49944763390160685 0.8663440771814512
vn -0.8710905167569177 -0.4506773277126782 0.19516981811213877
vn -0.000030376080158897093 -0.49944763390160685 0.8663440771814512
vn 0.0000123594283788205 -0.8737677474094274 0.4863434212922999
vn 0.6747516321773805 -0.6480725934601528 0.3531460724399924
vn 0.0000123594283788205 -0.8737677474094274 0.4863434212922999
vn -0.000030376080158897093 -0.49944763390160685 0.8663440771814512
vn -0.6762923071783673 -0.6457915372495658 0.35437551505176423
vn 0.6747516321773805 -0.6480725934601528 0.3531460724399924
vn 0.0000123594283788205 -0.8737677474094274 0.4863434212922999
vn 0.704334079838763 -0.7019114490531759 -0.10598972434039995
vn -0.7045359219836185 -0.7015943134693333 -0.1067452759712934
vn 0.0000123594283788205 -0.8737677474094274 0.4863434212922999
vn -0.6762923071783673 -0.6457915372495658 0.35437551505176423
vn 0.0000123594283788205 -0.8737677474094274 0.4863434212922999
vn 5.028328385824778e-7 -0.9998713557227391 0.016039700898679607
vn 0.704334079838763 -0.7019114490531759 -0.10598972434039995
vn 5.028328385824778e-7 -0.9998713557227391 0.016039700898679607
vn 0.0000123594283788205 -0.8737677474094274 0.4863434212922999
vn -0.7045359219836185 -0.7015943134693333 -0.1067452759712934
vn 0.704334079838763 -0.7019114490531759 -0.10598972434039995
vn 5.028328385824778e-7 -0.9998713557227391 0.016039700898679607
vn 0.28572153776184733 -0.7446262766372298 -0.6032370272126711
vn -0.2820060185023075 -0.7465115605274435 -0.602655038581241
vn 5.028328385824778e-7 -0.9998713557227391 0.016039700898679607
vn -0.7045359219836185 -0.7015943134693333 -0.1067452759712934
vn 5.028328385824778e-7 -0.9998713557227391 0.016039700898679607
vn -3.3887999741492694e-7 -0.7499137472052333 -0.6615356163899951
vn 0.28572153776184733 -0.7446262766372298 -0.6032370272126711
vn -3.3887999741492694e-7 -0.7499137472052333 -0.6615356163899951
vn 5.028328385824778e-7 -0.9998713557227391 0.016039700898679607
vn -0.2820060185023075 -0.7465115605274435 -0.602655038581241
vn 0.28572153776184733 -0.7446262766372298 -0.6032370272126711
vn -3.3887999741492694e-7 -0.7499137472052333 -0.6615356163899951
vn 0.000015991751012680304 -0.4362632380615076 -0.8998190856279681
vn -3.3887999741492694e-7 -0.7499137472052333 -0.6615356163899951
vn -0.2820060185023075 -0.7465115605274435 -0.602655038581241
vn 0.000015991751012680304 -0.4362632380615076 -0.8998190856279681
vn 0.5459073837678512 -0.5543300566023726 -0.6282541815976638
vn 0.28572153776184733 -0.7446262766372298 -0.6032370272126711
vn 0.000015991751012680304 -0.4362632380615076 -0.8998190856279681
vn 0.000015991751012680304 -0.4362632380615076 -0.8998190856279681
vn -0.2820060185023075 -0.7465115605274435 -0.602655038581241
vn -0.5581005832565458 -0.5377821942416467 -0.6319130086691863
vn 0.000015991751012680304 -0.4362632380615076 -0.8998190856279681
vn -0.00016294440015623797 -0.8345535930819797 -0.5509267407950714
vn 0.5459073837678512 -0.5543300566023726 -0.6282541815976638
vn -0.00016294440015623797 -0.8345535930819797 -0.5509267407950714
vn 0.000015991751012680304 -0.4362632380615076 -0.8998190856279681
vn -0.5581005832565458 -0.5377821942416467 -0.6319130086691863
vn 0.5459073837678512 -0.5543300566023726 -0.6282541815976638
vn -0.00016294440015623797 -0.8345535930819797 -0.5509267407950714
vn 0.8435354414183731 -0.48772961950084465 -0.22487280256329714
vn -0.8346381336418375 -0.5012466400925198 -0.22832212259619092
vn -0.00016294440015623797 -0.8345535930819797 -0.5509267407950714
vn -0.5581005832565458 -0.5377821942416467 -0.6319130086691863
vn -0.00016294440015623797 -0.8345535930819797 -0.5509267407950714
vn -0.0001759071275810044 -0.9782793924913435 -0.20729061552190492
vn 0.8435354414183731 -0.48772961950084465 -0.22487280256329714
vn -0.0001759071275810044 -0.9782793924913435 -0.20729061552190492
vn -0.00016294440015623797 -0.8345535930819797 -0.5509267407950714
vn -0.8346381336418375 -0.5012466400925198 -0.22832212259619092
vn 0.8435354414183731 -0.48772961950084465 -0.22487280256329714
vn -0.0001759071275810044 -0.9782793924913435 -0.20729061552190492
vn 0.707938848737546 -0.6986366498662907 0.10358290356890093
vn -0.705225039492063 -0.7001475583011171 0.11158422952371859
vn -0.0001759071275810044 -0.9782793924913435 -0.20729061552190492
vn -0.8346381336418375 -0.5012466400925198 -0.22832212259619092
vn -0.0001759071275810044 -0.9782793924913435 -0.20729061552190492
vn -0.000024150560544869894 -0.8737203523691498 0.48642856132496903
vn 0.707938848737546 -0.6986366498662907 0.10358290356890093
vn -0.000024150560544869894 -0.8737203523691498 0.48642856132496903
vn -0.0001759071275810044 -0.9782793924913435 -0.20729061552190492
vn -0.705225039492063 -0.7001475583011171 0.11158422952371859
vn 0.707938848737546 -0.6986366498662907 0.10358290356890093
vn -0.000024150560544869894 -0.8737203523691498 0.48642856132496903
vn 0.9189415078434294 -0.18972453682298526 0.3457616307367666
vn -0.9190252463804836 -0.19051337326120854 0.3451046958879681
vn -0.000024150560544869894 -0.8737203523691498 0.48642856132496903
vn -0.705225039492063 -0.7001475583011171 0.11158422952371859
vn -0.000024150560544869894 -0.8737203523691498 0.48642856132496903
vn 0.0002551533632102533 -0.2768475649331958 0.9609138154316034
vn 0.9189415078434294 -0.18972453682298526 0.3457616307367666
vn 0.0002551533632102533 -0.2768475649331958 0.9609138154316034
vn -0.000024150560544869894 -0.8737203523691498 0.48642856132496903
vn -0.9190252463804836 -0.19051337326120854 0.3451046958879681
vn 0.9189415078434294 -0.18972453682298526 0.3457616307367666
vn 0.0002551533632102533 -0.2768475649331958 0.9609138154316034
vn 0.9037274478300084 -0.06082394557606055 -0.42376543946294154
vn -0.9073769867688063 -0.05143985051025525 -0.41715817822720913
vn 0.0002551533632102533 -0.2768475649331958 0.9609138154316034
vn -0.9190252463804836 -0.19051337326120854 0.3451046958879681
vn 0.0002551533632102533 -0.2768475649331958 0.9609138154316034
vn 0.4378733089294718 -0.8985035522867952 0.030956935493776674
vn 0.9037274478300084 -0.06082394557606055 -0.42376543946294154
vn -0.6009334291831419 -0.7738887623923184 -0.19993798321748596
vn 0.0002551533632102533 -0.2768475649331958 0.9609138154316034
vn -0.9073769867688063 -0.05143985051025525 -0.41715817822720913
vn 0.4378733089294718 -0.8985035522867952 0.030956935493776674
vn 0.0002551533632102533 -0.2768475649331958 0.9609138154316034
vn 0.0005065043249864184 -0.7230989969907199 0.6907442247347305
vn 0.0005065043249864184 -0.7230989969907199 0.6907442247347305
vn 0.0002551533632102533 -0.2768475649331958 0.9609138154316034
vn -0.6009334291831419 -0.7738887623923184 -0.19993798321748596
vn -0.3910296027362582 -0.4415839088796732 -0.8075267804862404
vn 0.000010993449617867958 -0.9998710490316733 0.016058804047783443
vn -0.512907023807519 -0.47145658327871764 -0.7173946438412199
vn -0.512907023807519 -0.47145658327871764 -0.7173946438412199
vn 0.000010993449617867958 -0.9998710490316733 0.016058804047783443
vn -0.6478991519873366 -0.42287010028789246 -0.6335673343351895
vn 0.000010993449617867958 -0.9998710490316733 0.016058804047783443
vn -0.43559556004056144 -0.8314934740758344 0.3447827006133713
vn -0.6478991519873366 -0.42287010028789246 -0.6335673343351895
vn -0.3910296027362582 -0.4415839088796732 -0.8075267804862404
vn 0.3166207092890926 -0.8609108973188615 -0.3982257567346749
vn 0.000010993449617867958 -0.9998710490316733 0.016058804047783443
vn -0.7605664301007297 0.455561767089528 -0.46260369839647675
vn -0.6478991519873366 -0.42287010028789246 -0.6335673343351895
vn -0.8127666594687111 0.02906888495220469 0.5818636929588473
vn 0.6157228816603262 0.031345087372646914 -0.7873390746670109
vn 0.3166207092890926 -0.8609108973188615 -0.3982257567346749
vn -0.3910296027362582 -0.4415839088796732 -0.8075267804862404
vn 0.3166207092890926 -0.8609108973188615 -0.3982257567346749
vn 0.6157228816603262 0.031345087372646914 -0.7873390746670109
vn 0.8101979888406006 -0.45376380148188605 0.3710493651030191
vn 0.8101979888406006 -0.45376380148188605 0.3710493651030191
vn 0.6157228816603262 0.031345087372646914 -0.7873390746670109
vn 0.8423350430132652 0.5160678610865991 0.15538866775071916
vn -0.208483824042234 0.48165021928685225 -0.8512035957241099
vn 0.6157228816603262 0.031345087372646914 -0.7873390746670109
vn -0.3910296027362582 -0.4415839088796732 -0.8075267804862404
vn 0.6157228816603262 0.031345087372646914 -0.7873390746670109
vn 0.18991667457283237 0.9531559561426651 -0.23542595436561045
vn 0.8423350430132652 0.5160678610865991 0.15538866775071916
vn 0.18991667457283237 0.9531559561426651 -0.23542595436561045
vn 0.6157228816603262 0.031345087372646914 -0.7873390746670109
vn -0.208483824042234 0.48165021928685225 -0.8512035957241099
vn -0.48241903913579176 0.5580806082412578 -0.6751428777557881
vn 0.18991667457283237 0.9531559561426651 -0.23542595436561045
vn -0.208483824042234 0.48165021928685225 -0.8512035957241099
vn -0.48241903913579176 0.5580806082412578 -0.6751428777557881
vn -0.7605664301007297 0.455561767089528 -0.46260369839647675
vn -0.25086817209494305 0.942246022249553 0.2218954568814711
vn 0.01686565613964975 0.999480328425074 0.027470397417683944
vn 0.18991667457283237 0.9531559561426651 -0.23542595436561045
vn -0.48241903913579176 0.5580806082412578 -0.6751428777557881
vn -0.25086817209494305 0.942246022249553 0.2218954568814711
vn 0.01686565613964975 0.999480328425074 0.027470397417683944
vn -0.48241903913579176 0.5580806082412578 -0.6751428777557881
vn 0.44211945209304837 0.7671321677603679 -0.46479955601121387
vn -0.4466204070595859 0.8947235392703705 0.000016535765185134242
vn 0.7065671136572494 0.7076460173400034 -0.00016745415751730339
vn 0.44211945209304837 0.7671321677603679 -0.46479955601121387
vn -0.7020754899074235 0.6090515329601719 -0.36897999494568234
vn -0.4466204070595859 0.8947235392703705 0.000016535765185134242
vn 0.44211945209304837 0.7671321677603679 -0.46479955601121387
vn -0.4335986127938237 0.4343166699577383 -0.7895323129423474
vn -0.7020754899074235 0.6090515329601719 -0.36897999494568234
vn 0.44211945209304837 0.7671321677603679 -0.46479955601121387
vn 0.6934254395478466 0.34730668007846954 -0.6312996354828246
vn -0.4335986127938237 0.4343166699577383 -0.7895323129423474
vn 0.42950951521398023 -0.000010344525307306759 -0.9030623324187774
vn -0.4335986127938237 0.4343166699577383 -0.7895323129423474
vn 0.6934254395478466 0.34730668007846954 -0.6312996354828246
vn 0.42950951521398023 -0.000010344525307306759 -0.9030623324187774
vn -0.6892761991302773 -0.000008192509765638495 -0.7244986689051961
vn -0.4335986127938237 0.4343166699577383 -0.7895323129423474
vn 0.42950951521398023 -0.000010344525307306759 -0.9030623324187774
vn -0.43358635292189346 -0.4342960058126018 -0.7895504125102536
vn -0.6892761991302773 -0.000008192509765638495 -0.7244986689051961
vn 0.42950951521398023 -0.000010344525307306759 -0.9030623324187774
vn 0.6933654067266473 -0.34733749019951254 -0.6313486205391555
vn -0.43358635292189346 -0.4342960058126018 -0.7895504125102536
vn 0.4421290705508971 -0.7671438369237347 -0.4647711463115262
vn -0.43358635292189346 -0.4342960058126018 -0.7895504125102536
vn 0.6933654067266473 -0.34733749019951254 -0.6313486205391555
vn 0.4421290705508971 -0.7671438369237347 -0.4647711463115262
vn -0.7020079844241683 -0.6090747501192193 -0.3690700998075126
vn -0.43358635292189346 -0.4342960058126018 -0.7895504125102536
vn 0.4421290705508971 -0.7671438369237347 -0.4647711463115262
vn -0.44660690807479186 -0.8947302775348843 -0.000011055462076551411
vn -0.7020079844241683 -0.6090747501192193 -0.3690700998075126
vn 0.4421290705508971 -0.7671438369237347 -0.4647711463115262
vn 0.7065637533200458 -0.7076493922931713 0.000009021889813993898
vn -0.44660690807479186 -0.8947302775348843 -0.000011055462076551411
vn 0.44213996103087533 -0.7670779957082684 0.46486944765149035
vn -0.44660690807479186 -0.8947302775348843 -0.000011055462076551411
vn 0.7065637533200458 -0.7076493922931713 0.000009021889813993898
vn 0.44213996103087533 -0.7670779957082684 0.46486944765149035
vn -0.7020670711649426 -0.6090268440693969 0.36903676075528014
vn -0.44660690807479186 -0.8947302775348843 -0.000011055462076551411
vn 0.44213996103087533 -0.7670779957082684 0.46486944765149035
vn -0.4335766470624296 -0.4343246257559187 0.7895399993566395
vn -0.7020670711649426 -0.6090268440693969 0.36903676075528014
vn 0.44213996103087533 -0.7670779957082684 0.46486944765149035
vn 0.6934327319784946 -0.3473011769476813 0.6312946528457186
vn -0.4335766470624296 -0.4343246257559187 0.7895399993566395
vn 0.42952362359456275 0.000014531600067332379 0.9030556220759766
vn -0.4335766470624296 -0.4343246257559187 0.7895399993566395
vn 0.6934327319784946 -0.3473011769476813 0.6312946528457186
vn 0.42952362359456275 0.000014531600067332379 0.9030556220759766
vn -0.6892790388129348 0.0000017659250974851273 0.7244959673110667
vn -0.4335766470624296 -0.4343246257559187 0.7895399993566395
vn 0.42952362359456275 0.000014531600067332379 0.9030556220759766
vn -0.43358895041133116 0.43430271603018755 0.7895452950464605
vn -0.6892790388129348 0.0000017659250974851273 0.7244959673110667
vn 0.42952362359456275 0.000014531600067332379 0.9030556220759766
vn 0.6933562647219881 0.3473325913503993 0.6313613554507348
vn -0.43358895041133116 0.43430271603018755 0.7895452950464605
vn 0.44213312022490625 0.767137930092175 0.4647770435532308
vn -0.43358895041133116 0.43430271603018755 0.7895452950464605
vn 0.6933562647219881 0.3473325913503993 0.6313613554507348
vn 0.44213312022490625 0.767137930092175 0.4647770435532308
vn -0.7019984586790792 0.6090882899152904 0.36906587365979027
vn -0.43358895041133116 0.43430271603018755 0.7895452950464605
vn 0.44213312022490625 0.767137930092175 0.4647770435532308
vn -0.4466204070595859 0.8947235392703705 0.000016535765185134242
vn -0.7019984586790792 0.6090882899152904 0.36906587365979027
vn 0.44213312022490625 0.767137930092175 0.4647770435532308
vn 0.7065671136572494 0.7076460173400034 -0.00016745415751730339
vn -0.4466204070595859 0.8947235392703705 0.000016535765185134242
vn 0.9996801458391755 0.016385618340965826 -0.019264410879878274
vn 0.7020741008603287 0.6090259468311915 -0.3690248677088463
vn 0.4466143492489336 0.8947265632022916 0.00001204852545369676
vn 0.9996801458391755 0.016385618340965826 -0.019264410879878274
vn 0.43359122342814616 0.43428990908487963 -0.7895510913380657
vn 0.7020741008603287 0.6090259468311915 -0.3690248677088463
vn 0.9996801458391755 0.016385618340965826 -0.019264410879878274
vn 0.4466143492489336 0.8947265632022916 0.00001204852545369676
vn 0.7019987774900462 0.6090871754634908 0.3690671064838845
vn 0.9996801458391755 0.016385618340965826 -0.019264410879878274
vn 0.6892756183765454 0.000008469967675476454 -0.7244992214211762
vn 0.43359122342814616 0.43428990908487963 -0.7895510913380657
vn 0.9996801458391755 0.016385618340965826 -0.019264410879878274
vn 0.7019987774900462 0.6090871754634908 0.3690671064838845
vn 0.4335837565418766 0.43430857880848545 0.7895449223675548
vn 0.9996801458391755 0.016385618340965826 -0.019264410879878274
vn 0.433579182748913 -0.4342964054495603 -0.7895541301901825
vn 0.6892756183765454 0.000008469967675476454 -0.7244992214211762
vn 0.9996801458391755 0.016385618340965826 -0.019264410879878274
vn 0.4335837565418766 0.43430857880848545 0.7895449223675548
vn 0.6892801392604901 -0.0000012992909186608696 0.7244949203544155
vn 0.9996801458391755 0.016385618340965826 -0.019264410879878274
vn 0.7020077847244064 -0.6090750221309493 -0.36907003075637973
vn 0.433579182748913 -0.4342964054495603 -0.7895541301901825
vn 0.9996801458391755 0.016385618340965826 -0.019264410879878274
vn 0.6892801392604901 -0.0000012992909186608696 0.7244949203544155
vn 0.4335725792681393 -0.4343888648574724 0.7895068920501007
vn 0.9996801458391755 0.016385618340965826 -0.019264410879878274
vn 0.4466009217069093 -0.8947332655784551 -0.00001406602156461206
vn 0.7020077847244064 -0.6090750221309493 -0.36907003075637973
vn 0.9996801458391755 0.016385618340965826 -0.019264410879878274
vn 0.4335725792681393 -0.4343888648574724 0.7895068920501007
vn 0.7020672616499669 -0.6090242911940484 0.3690406113897272
vn 0.9996801458391755 0.016385618340965826 -0.019264410879878274
vn 0.7020672616499669 -0.6090242911940484 0.3690406113897272
vn 0.4466009217069093 -0.8947332655784551 -0.00001406602156461206
vn 0.9996801459360686 0.016385614617263743 -0.019264409019100336
vn 0.7020739940826252 0.6090259576151795 -0.3690250530570838
vn 0.44661430129085594 0.8947265865344879 -0.00003508310012171106
vn 0.9996801459360686 0.016385614617263743 -0.019264409019100336
vn 0.43359079536074097 0.43429004724413506 -0.789551250422116
vn 0.7020739940826252 0.6090259576151795 -0.3690250530570838
vn 0.9996801459360686 0.016385614617263743 -0.019264409019100336
vn 0.44661430129085594 0.8947265865344879 -0.00003508310012171106
vn 0.7019986583347072 0.6090872947195927 0.36906713631457166
vn 0.9996801459360686 0.016385614617263743 -0.019264409019100336
vn 0.689274732366371 0.000008194171690025254 -0.72450006435757
vn 0.43359079536074097 0.43429004724413506 -0.789551250422116
vn 0.9996801459360686 0.016385614617263743 -0.019264409019100336
vn 0.7019986583347072 0.6090872947195927 0.36906713631457166
vn 0.43358370558054643 0.4343090345010837 0.7895446996882307
vn 0.9996801459360686 0.016385614617263743 -0.019264409019100336
vn 0.4335787546789757 -0.43429654360581504 -0.789554289268997
vn 0.689274732366371 0.000008194171690025254 -0.72450006435757
vn 0.9996801459360686 0.016385614617263743 -0.019264409019100336
vn 0.43358370558054643 0.4343090345010837 0.7895446996882307
vn 0.6892796806144421 -0.0000012030402648143569 0.7244953567074155
vn 0.9996801459360686 0.016385614617263743 -0.019264409019100336
vn 0.702007654769841 -0.6090750128081485 -0.36907029332811575
vn 0.4335787546789757 -0.43429654360581504 -0.789554289268997
vn 0.9996801459360686 0.016385614617263743 -0.019264409019100336
vn 0.6892796806144421 -0.0000012030402648143569 0.7244953567074155
vn 0.4335724166968621 -0.43438929836323004 0.7895067428129688
vn 0.9996801459360686 0.016385614617263743 -0.019264409019100336
vn 0.44660094556513685 -0.8947332536698825 -0.00001405814515325004
vn 0.702007654769841 -0.6090750128081485 -0.36907029332811575
vn 0.9996801459360686 0.016385614617263743 -0.019264409019100336
vn 0.4335724166968621 -0.43438929836323004 0.7895067428129688
vn 0.7020672020555069 -0.6090246488307555 0.369040134557919
vn 0.9996801459360686 0.016385614617263743 -0.019264409019100336
vn 0.7020672020555069 -0.6090246488307555 0.369040134557919
vn 0.44660094556513685 -0.8947332536698825 -0.00001405814515325004
vn -0.9996801686107961 0.016386514646535465 -0.01926246671715081
vn -0.4466205501657079 0.8947234678351432 0.00001657515518170748
vn -0.7020753560651768 0.6090518182892801 -0.3689797786389883
vn -0.9996801686107961 0.016386514646535465 -0.01926246671715081
vn -0.7019984106833086 0.6090883595923634 0.36906584996067116
vn -0.4466205501657079 0.8947234678351432 0.00001657515518170748
vn -0.9996801686107961 0.016386514646535465 -0.01926246671715081
vn -0.7020753560651768 0.6090518182892801 -0.3689797786389883
vn -0.4335986632366537 0.4343165415714634 -0.7895323558644004
vn -0.9996801686107961 0.016386514646535465 -0.01926246671715081
vn -0.4335888074832508 0.43430251350747634 0.7895454849382275
vn -0.7019984106833086 0.6090883595923634 0.36906584996067116
vn -0.9996801686107961 0.016386514646535465 -0.01926246671715081
vn -0.4335986632366537 0.4343165415714634 -0.7895323558644004
vn -0.6892763212352951 -0.000007908384571472428 -0.7244985527396143
vn -0.9996801686107961 0.016386514646535465 -0.01926246671715081
vn -0.6892786114526813 0.0000013901768803690377 0.7244963738984004
vn -0.4335888074832508 0.43430251350747634 0.7895454849382275
vn -0.9996801686107961 0.016386514646535465 -0.01926246671715081
vn -0.6892763212352951 -0.000007908384571472428 -0.7244985527396143
vn -0.43358608104925556 -0.43429618096881284 -0.7895504654651612
vn -0.9996801686107961 0.016386514646535465 -0.01926246671715081
vn -0.43357685931406253 -0.4343245101882714 0.7895399463719818
vn -0.6892786114526813 0.0000013901768803690377 0.7244963738984004
vn -0.9996801686107961 0.016386514646535465 -0.01926246671715081
vn -0.43358608104925556 -0.43429618096881284 -0.7895504654651612
vn -0.7020078915144708 -0.6090750113557982 -0.3690698454132241
vn -0.9996801686107961 0.016386514646535465 -0.01926246671715081
vn -0.7020671779448168 -0.609026833287171 0.36903657540791485
vn -0.43357685931406253 -0.4343245101882714 0.7895399463719818
vn -0.9996801686107961 0.016386514646535465 -0.01926246671715081
vn -0.7020078915144708 -0.6090750113557982 -0.3690698454132241
vn -0.4466070511809038 -0.8947302060991891 -0.000011366640084145552
vn -0.9996801686107961 0.016386514646535465 -0.01926246671715081
vn -0.4466070511809038 -0.8947302060991891 -0.000011366640084145552
vn -0.7020671779448168 -0.609026833287171 0.36903657540791485
vn -0.9996801694571715 0.016386522110989704 -0.019262416442039874
vn -0.4466204070595859 0.8947235392703705 0.000016535765185134242
vn -0.7020754899074235 0.6090515329601719 -0.36897999494568234
vn -0.9996801694571715 0.016386522110989704 -0.019262416442039874
vn -0.7019984586790792 0.6090882899152904 0.36906587365979027
vn -0.4466204070595859 0.8947235392703705 0.000016535765185134242
vn -0.9996801694571715 0.016386522110989704 -0.019262416442039874
vn -0.7020754899074235 0.6090515329601719 -0.36897999494568234
vn -0.4335986127938237 0.4343166699577383 -0.7895323129423474
vn -0.9996801694571715 0.016386522110989704 -0.019262416442039874
vn -0.43358895041133116 0.43430271603018755 0.7895452950464605
vn -0.7019984586790792 0.6090882899152904 0.36906587365979027
vn -0.9996801694571715 0.016386522110989704 -0.019262416442039874
vn -0.4335986127938237 0.4343166699577383 -0.7895323129423474
vn -0.6892761991302773 -0.000008192509765638495 -0.7244986689051961
vn -0.9996801694571715 0.016386522110989704 -0.019262416442039874
vn -0.6892790388129348 0.0000017659250974851273 0.7244959673110667
vn -0.43358895041133116 0.43430271603018755 0.7895452950464605
vn -0.9996801694571715 0.016386522110989704 -0.019262416442039874
vn -0.6892761991302773 -0.000008192509765638495 -0.7244986689051961
vn -0.43358635292189346 -0.4342960058126018 -0.7895504125102536
vn -0.9996801694571715 0.016386522110989704 -0.019262416442039874
vn -0.4335766470624296 -0.4343246257559187 0.7895399993566395
vn -0.6892790388129348 0.0000017659250974851273 0.7244959673110667
vn -0.9996801694571715 0.016386522110989704 -0.019262416442039874
vn -0.43358635292189346 -0.4342960058126018 -0.7895504125102536
vn -0.7020079844241683 -0.6090747501192193 -0.3690700998075126
vn -0.9996801694571715 0.016386522110989704 -0.019262416442039874
vn -0.7020670711649426 -0.6090268440693969 0.36903676075528014
vn -0.4335766470624296 -0.4343246257559187 0.7895399993566395
vn -0.9996801694571715 0.016386522110989704 -0.019262416442039874
vn -0.7020079844241683 -0.6090747501192193 -0.3690700998075126
vn -0.44660690807479186 -0.8947302775348843 -0.000011055462076551411
vn -0.9996801694571715 0.016386522110989704 -0.019262416442039874
vn -0.44660690807479186 -0.8947302775348843 -0.000011055462076551411
vn -0.7020670711649426 -0.6090268440693969 0.36903676075528014
vn 0.4023481232873508 0.7974588123251753 0.449639222412889
vn 0.45291972906363265 0.6347748145709492 0.6260388596655504
vn -0.613336559942776 0.742855485417522 0.2682983265371948
vn 0.45291972906363265 0.6347748145709492 0.6260388596655504
vn -0.785146965809757 0.43026176869573 -0.44544253555150565
vn -0.613336559942776 0.742855485417522 0.2682983265371948
vn 0.45291972906363265 0.6347748145709492 0.6260388596655504
vn 0.9016659728122932 0.418329709803181 -0.10953870260527601
vn -0.785146965809757 0.43026176869573 -0.44544253555150565
vn 0.3941433450538371 0.43780312173367036 -0.8080714387664155
vn 0.46642214619310063 0.1848143957372316 -0.8650398954203811
vn 0.45291972906363265 0.6347748145709492 0.6260388596655504
vn -0.00882094176023626 0.9417932128036046 -0.33607697824088867
vn -0.000010349126459135558 -0.4362528277792787 -0.8998241328990231
vn -0.000014285868009078674 0.4501279589320275 -0.8929640644413418
vn -0.000014285868009078674 0.4501279589320275 -0.8929640644413418
vn -0.000010349126459135558 -0.4362528277792787 -0.8998241328990231
vn -0.000005572730170586947 -0.8990626512715767 -0.4378199961827552
vn -0.000005572730170586947 -0.8990626512715767 -0.4378199961827552
vn -0.005650277845157532 -0.9214582059166685 0.38843641578655713
vn -0.001986869587820394 -0.6577366514275383 0.7532453449694396
vn 0.6479056284120245 -0.4228728883383367 -0.633558850447543
vn 0.0000015913120448351114 -0.9998710589901842 0.01605818767219141
vn 0.5129075566751854 -0.47145619256324656 -0.7173945196328576
vn 0.6479056284120245 -0.4228728883383367 -0.633558850447543
vn 0.43560859160225956 -0.8314762635032844 0.3448077408541062
vn 0.0000015913120448351114 -0.9998710589901842 0.01605818767219141
vn 0.5129075566751854 -0.47145619256324656 -0.7173945196328576
vn 0.0000015913120448351114 -0.9998710589901842 0.01605818767219141
vn 0.3909400368358704 -0.441685255371964 -0.807514719857026
vn 0.760620942690355 0.4554613774993389 -0.46261292150916006
vn 0.8127748812785203 0.029163415924524285 0.5818474778963131
vn 0.6479056284120245 -0.4228728883383367 -0.633558850447543
vn 0.0000015913120448351114 -0.9998710589901842 0.01605818767219141
vn -0.31662181022271874 -0.86084461218925 -0.3983681500271181
vn 0.3909400368358704 -0.441685255371964 -0.807514719857026
vn 0.4824172371475695 0.5580823552315936 -0.6751427212686684
vn 0.25084063341669527 0.9422345731532316 0.22197519181624528
vn 0.760620942690355 0.4554613774993389 -0.46261292150916006
vn -0.01686275573791342 0.99948019361689 0.02747708202243221
vn 0.25084063341669527 0.9422345731532316 0.22197519181624528
vn 0.4824172371475695 0.5580823552315936 -0.6751427212686684
vn -0.18993031484889947 0.9531494131275713 -0.23544144018410315
vn -0.01686275573791342 0.99948019361689 0.02747708202243221
vn 0.4824172371475695 0.5580823552315936 -0.6751427212686684
vn 0.4824172371475695 0.5580823552315936 -0.6751427212686684
vn 0.20849316263024592 0.4816628498368233 -0.8511941612954754
vn -0.18993031484889947 0.9531494131275713 -0.23544144018410315
vn 0.3909400368358704 -0.441685255371964 -0.807514719857026
vn -0.31662181022271874 -0.86084461218925 -0.3983681500271181
vn -0.6157181225968628 0.031349938174440595 -0.7873426032435011
vn 0.20849316263024592 0.4816628498368233 -0.8511941612954754
vn 0.3909400368358704 -0.441685255371964 -0.807514719857026
vn -0.6157181225968628 0.031349938174440595 -0.7873426032435011
vn -0.18993031484889947 0.9531494131275713 -0.23544144018410315
vn 0.20849316263024592 0.4816628498368233 -0.8511941612954754
vn -0.6157181225968628 0.031349938174440595 -0.7873426032435011
vn -0.31662181022271874 -0.86084461218925 -0.3983681500271181
vn -0.8101498046875572 -0.4538399665825191 0.371061421731081
vn -0.6157181225968628 0.031349938174440595 -0.7873426032435011
vn -0.8422726531371926 0.5161696757393673 0.15538868563814728
vn -0.18993031484889947 0.9531494131275713 -0.23544144018410315
vn -0.6157181225968628 0.031349938174440595 -0.7873426032435011
vn 0.000009998211867180323 -0.43625301935922134 -0.899824040021158
vn -0.00883835014676652 0.9418014494110263 -0.3360534383903449
vn 0.000016564579281703517 0.4501275303893992 -0.8929642804228819
vn 0.000005096670816820392 -0.8990625460003059 -0.43782021236287355
vn 0.000009998211867180323 -0.43625301935922134 -0.899824040021158
vn 0.000016564579281703517 0.4501275303893992 -0.8929642804228819
vn -0.005657875101643977 -0.921523233349275 0.3882820094297853
vn 0.000009998211867180323 -0.43625301935922134 -0.899824040021158
vn 0.000005096670816820392 -0.8990625460003059 -0.43782021236287355
vn -0.0019770893350477777 -0.6576858786267389 0.7532897026859826
vn -0.005657875101643977 -0.921523233349275 0.3882820094297853
vn 0.000005096670816820392 -0.8990625460003059 -0.43782021236287355
vn -0.48241903913579176 0.5580806082412578 -0.6751428777557881
vn -0.6478991519873366 -0.42287010028789246 -0.6335673343351895
vn -0.7605664301007297 0.455561767089528 -0.46260369839647675
vn -0.48241903913579176 0.5580806082412578 -0.6751428777557881
vn -0.512907023807519 -0.47145658327871764 -0.7173946438412199
vn -0.6478991519873366 -0.42287010028789246 -0.6335673343351895
vn -0.48241903913579176 0.5580806082412578 -0.6751428777557881
vn -0.3910296027362582 -0.4415839088796732 -0.8075267804862404
vn -0.512907023807519 -0.47145658327871764 -0.7173946438412199
vn -0.48241903913579176 0.5580806082412578 -0.6751428777557881
vn -0.208483824042234 0.48165021928685225 -0.8512035957241099
vn -0.3910296027362582 -0.4415839088796732 -0.8075267804862404
vn 0.4824172371475695 0.5580823552315936 -0.6751427212686684
vn 0.3909400368358704 -0.441685255371964 -0.807514719857026
vn 0.20849316263024592 0.4816628498368233 -0.8511941612954754
vn 0.4824172371475695 0.5580823552315936 -0.6751427212686684
vn 0.5129075566751854 -0.47145619256324656 -0.7173945196328576
vn 0.3909400368358704 -0.441685255371964 -0.807514719857026
vn 0.4824172371475695 0.5580823552315936 -0.6751427212686684
vn 0.6479056284120245 -0.4228728883383367 -0.633558850447543
vn 0.5129075566751854 -0.47145619256324656 -0.7173945196328576
vn 0.4824172371475695 0.5580823552315936 -0.6751427212686684
vn 0.760620942690355 0.4554613774993389 -0.46261292150916006
vn 0.6479056284120245 -0.4228728883383367 -0.633558850447543
vn 0.43359122342814616 0.43428990908487963 -0.7895510913380657
vn -0.44216964243083345 0.7670920594317694 -0.46481800704072945
vn 0.7020741008603287 0.6090259468311915 -0.3690248677088463
vn -0.44216964243083345 0.7670920594317694 -0.46481800704072945
vn 0.4466143492489336 0.8947265632022916 0.00001204852545369676
vn 0.7020741008603287 0.6090259468311915 -0.3690248677088463
vn -0.7065670341109512 0.7076461165771857 -9.392058843336759e-7
vn 0.4466143492489336 0.8947265632022916 0.00001204852545369676
vn -0.44216964243083345 0.7670920594317694 -0.46481800704072945
vn 0.43359122342814616 0.43428990908487963 -0.7895510913380657
vn -0.6934258873536404 0.3472957578880297 -0.631305152284373
vn -0.44216964243083345 0.7670920594317694 -0.46481800704072945
vn 0.43359122342814616 0.43428990908487963 -0.7895510913380657
vn -0.4295044586800825 -0.00001229366820826831 -0.9030647373376923
vn -0.6934258873536404 0.3472957578880297 -0.631305152284373
vn 0.43359122342814616 0.43428990908487963 -0.7895510913380657
vn 0.6892756183765454 0.000008469967675476454 -0.7244992214211762
vn -0.4295044586800825 -0.00001229366820826831 -0.9030647373376923
vn 0.433579182748913 -0.4342964054495603 -0.7895541301901825
vn -0.4295044586800825 -0.00001229366820826831 -0.9030647373376923
vn 0.6892756183765454 0.000008469967675476454 -0.7244992214211762
vn 0.433579182748913 -0.4342964054495603 -0.7895541301901825
vn -0.6933661913314835 -0.3473373162669901 -0.6313478545516072
vn -0.4295044586800825 -0.00001229366820826831 -0.9030647373376923
vn 0.433579182748913 -0.4342964054495603 -0.7895541301901825
vn -0.4421234663033005 -0.7671474107540062 -0.4647705785840775
vn -0.6933661913314835 -0.3473373162669901 -0.6313478545516072
vn 0.433579182748913 -0.4342964054495603 -0.7895541301901825
vn 0.7020077847244064 -0.6090750221309493 -0.36907003075637973
vn -0.4421234663033005 -0.7671474107540062 -0.4647705785840775
vn 0.4466009217069093 -0.8947332655784551 -0.00001406602156461206
vn -0.4421234663033005 -0.7671474107540062 -0.4647705785840775
vn 0.7020077847244064 -0.6090750221309493 -0.36907003075637973
vn 0.4466009217069093 -0.8947332655784551 -0.00001406602156461206
vn -0.7065636340227115 -0.7076495114142749 0.000008470993424270748
vn -0.4421234663033005 -0.7671474107540062 -0.4647705785840775
vn 0.4466009217069093 -0.8947332655784551 -0.00001406602156461206
vn -0.4421354918549097 -0.7671446953412674 0.4647636208353352
vn -0.7065636340227115 -0.7076495114142749 0.000008470993424270748
vn 0.4466009217069093 -0.8947332655784551 -0.00001406602156461206
vn 0.7020672616499669 -0.6090242911940484 0.3690406113897272
vn -0.4421354918549097 -0.7671446953412674 0.4647636208353352
vn 0.4335725792681393 -0.4343888648574724 0.7895068920501007
vn -0.4421354918549097 -0.7671446953412674 0.4647636208353352
vn 0.7020672616499669 -0.6090242911940484 0.3690406113897272
vn 0.4335725792681393 -0.4343888648574724 0.7895068920501007
vn -0.6934321042581952 -0.3472955582976135 0.6312984333663442
vn -0.4421354918549097 -0.7671446953412674 0.4647636208353352
vn 0.4335725792681393 -0.4343888648574724 0.7895068920501007
vn -0.42951649712009965 0.000007160918860035605 0.9030590117209399
vn -0.6934321042581952 -0.3472955582976135 0.6312984333663442
vn 0.4335725792681393 -0.4343888648574724 0.7895068920501007
vn 0.6892801392604901 -0.0000012992909186608696 0.7244949203544155
vn -0.42951649712009965 0.000007160918860035605 0.9030590117209399
vn 0.4335837565418766 0.43430857880848545 0.7895449223675548
vn -0.42951649712009965 0.000007160918860035605 0.9030590117209399
vn 0.6892801392604901 -0.0000012992909186608696 0.7244949203544155
vn 0.4335837565418766 0.43430857880848545 0.7895449223675548
vn -0.693355856833434 0.3473344735775047 0.6313607679127776
vn -0.42951649712009965 0.000007160918860035605 0.9030590117209399
vn 0.4335837565418766 0.43430857880848545 0.7895449223675548
vn -0.4421263682135842 0.7671377144308318 0.4647838224681512
vn -0.693355856833434 0.3473344735775047 0.6313607679127776
vn 0.4335837565418766 0.43430857880848545 0.7895449223675548
vn 0.7019987774900462 0.6090871754634908 0.3690671064838845
vn -0.4421263682135842 0.7671377144308318 0.4647838224681512
vn 0.7019987774900462 0.6090871754634908 0.3690671064838845
vn 0.4466143492489336 0.8947265632022916 0.00001204852545369676
vn -0.4421263682135842 0.7671377144308318 0.4647838224681512
vn -0.4421263682135842 0.7671377144308318 0.4647838224681512
vn 0.4466143492489336 0.8947265632022916 0.00001204852545369676
vn -0.7065670341109512 0.7076461165771857 -9.392058843336759e-7
f 1/1/1 2/2/2 3/3/3
f 4/4/4 5/5/5 6/6/6
f 7/7/7 8/8/8 9/9/9
f 10/10/10 11/11/11 12/12/12
f 13/13/13 14/14/14 15/15/15
f 16/16/16 17/17/17 18/18/18
f 19/19/19 20/20/20 21/21/21
f 22/22/22 23/23/23 24/24/24
f 25/25/25 26/26/26 27/27/27
f 28/28/28 29/29/29 30/30/30
f 31/31/31 32/32/32 33/33/33
f 34/34/34 35/35/35 36/36/36
f 37/37/37 38/38/38 39/39/39
f 40/40/40 41/41/41 42/42/42
f 43/43/43 44/44/44 45/45/45
f 46/46/46 47/47/47 48/48/48
f 49/49/49 50/50/50 51/51/51
f 52/52/52 53/53/53 54/54/54
f 55/55/55 56/56/56 57/57/57
f 58/58/58 59/59/59 60/60/60
f 61/61/61 62/62/62 63/63/63
f 64/64/64 65/65/65 66/66/66
f 67/67/67 68/68/68 69/69/69
f 70/70/70 71/71/71 72/72/72
f 73/73/73 74/74/74 75/75/75
f 76/76/76 77/77/77 78/78/78
f 79/79/79 80/80/80 81/81/81
f 82/82/82 83/83/83 84/84/84
f 85/85/85 86/86/86 87/87/87
f 88/88/88 89/89/89 90/90/90
f 91/91/91 92/92/92 93/93/93
f 94/94/94 95/95/95 96/96/96
f 97/97/97 98/98/98 99/99/99
f 100/100/100 101/101/101 102/102/102
f 103/103/103 104/104/104 105/105/105
f 106/106/106 107/107/107 108/108/108
f 109/109/109 110/110/110 111/111/111
f 112/112/112 113/113/113 114/114/114
f 115/115/115 116/116/116 117/117/117
f 118/118/118 119/119/119 120/120/120
f 121/121/121 122/122/122 123/123/123
f 124/124/124 125/125/125 126/126/126
f 127/127/127 128/128/128 129/129/129
f 130/130/130 131/131/131 132/132/132
f 133/133/133 134/134/134 135/135/135
f 136/136/136 137/137/137 138/138/138
f 139/139/139 140/140/140 141/141/141
f 142/142/142 143/143/143 144/144/144
f 145/145/145 146/146/146 147/147/147
f 148/148/148 149/149/149 150/150/150
f 151/151/151 152/152/152 153/153/153
f 154/154/154 155/155/155 156/156/156
f 157/157/157 158/158/158 159/159/159
f 160/160/160 161/161/161 162/162/162
f 163/163/163 164/164/164 165/165/165
f 166/166/166 167/167/167 168/168/168
f 169/169/169 170/170/170 171/171/171
f 172/172/172 173/173/173 174/174/174
f 175/175/175 176/176/176 177/177/177
f 178/178/178 179/179/179 180/180/180
f 181/181/181 182/182/182 183/183/183
f 184/184/184 185/185/185 186/186/186
f 187/187/187 188/188/188 189/189/189
f 190/190/190 191/191/191 192/192/192
f 193/193/193 194/194/194 195/195/195
f 196/196/196 197/197/197 198/198/198
f 199/199/199 200/200/200 201/201/201
f 202/202/202 203/203/203 204/204/204
f 205/205/205 206/206/206 207/207/207
f 208/208/208 209/209/209 210/210/210
f 211/211/211 212/212/212 213/213/213
f 214/214/214 215/215/215 216/216/216
f 217/217/217 218/218/218 219/219/219
f 220/220/220 221/221/221 222/222/222
f 223/223/223 224/224/224 225/225/225
f 226/226/226 227/227/227 228/228/228
f 229/229/229 230/230/230 231/231/231
f 232/232/232 233/233/233 234/234/234
f 235/235/235 236/236/236 237/237/237
f 238/238/238 239/239/239 240/240/240
f 241/241/241 242/242/242 243/243/243
f 244/244/244 245/245/245 246/246/246
f 247/247/247 248/248/248 249/249/249
f 250/250/250 251/251/251 252/252/252
f 253/253/253 254/254/254 255/255/255
f 256/256/256 257/257/257 258/258/258
f 259/259/259 260/260/260 261/261/261
f 262/262/262 263/263/263 264/264/264
f 265/265/265 266/266/266 267/267/267
f 268/268/268 269/269/269 270/270/270
f 271/271/271 272/272/272 273/273/273
f 274/274/274 275/275/275 276/276/276
f 277/277/277 278/278/278 279/279/279
f 280/280/280 281/281/281 282/282/282
f 283/283/283 284/284/284 285/285/285
f 286/286/286 287/287/287 288/288/288
f 289/289/289 290/290/290 291/291/291
f 292/292/292 293/293/293 294/294/294
f 295/295/295 296/296/296 297/297/297
f 298/298/298 299/299/299 300/300/300
f 301/301/301 302/302/302 303/303/303
f 304/304/304 305/305/305 306/306/306
f 307/307/307 308/308/308 309/309/309
f 310/310/310 311/311/311 312/312/312
f 313/313/313 314/314/314 315/315/315
f 316/316/316 317/317/317 318/318/318
f 319/319/319 320/320/320 321/321/321
f 322/322/322 323/323/323 324/324/324
f 325/325/325 326/326/326 327/327/327
f 328/328/328 329/329/329 330/330/330
f 331/331/331 332/332/332 333/333/333
f 334/334/334 335/335/335 336/336/336
f 337/337/337 338/338/338 339/339/339
f 340/340/340 341/341/341 342/342/342
f 343/343/343 344/344/344 345/345/345
f 346/346/346 347/347/347 348/348/348
f 349/349/349 350/350/350 351/351/351
f 352/352/352 353/353/353 354/354/354
f 355/355/355 356/356/356 357/357/357
f 358/358/358 359/359/359 360/360/360
f 361/361/361 362/362/362 363/363/363
f 364/364/364 365/365/365 366/366/366
f 367/367/367 368/368/368 369/369/369
f 370/370/370 371/371/371 372/372/372
f 373/373/373 374/374/374 375/375/375
f 376/376/376 377/377/377 378/378/378
f 379/379/379 380/380/380 381/381/381
f 382/382/382 383/383/383 384/384/384
f 385/385/385 386/386/386 387/387/387
f 388/388/388 389/389/389 390/390/390
f 391/391/391 392/392/392 393/393/393
f 394/394/394 395/395/395 396/396/396
f 397/397/397 398/398/398 399/399/399
f 400/400/400 401/401/401 402/402/402
f 403/403/403 404/404/404 405/405/405
f 406/406/406 407/407/407 408/408/408
f 409/409/409 410/410/410 411/411/411
f 412/412/412 413/413/413 414/414/414
f 415/415/415 416/416/416 417/417/417
f 418/418/418 419/419/419 420/420/420
f 421/421/421 422/422/422 423/423/423
f 424/424/424 425/425/425 426/426/426
f 427/427/427 428/428/428 429/429/429
f 430/430/430 431/431/431 432/432/432
f 433/433/433 434/434/434 435/435/435
f 436/436/436 437/437/437 438/438/438
f 439/439/439 440/440/440 441/441/441
f 442/442/442 443/443/443 444/444/444
f 445/445/445 446/446/446 447/447/447
f 448/448/448 449/449/449 450/450/450
f 451/451/451 452/452/452 453/453/453
f 454/454/454 455/455/455 456/456/456
f 457/457/457 458/458/458 459/459/459
f 460/460/460 461/461/461 462/462/462
f 463/463/463 464/464/464 465/465/465
f 466/466/466 467/467/467 468/468/468
f 469/469/469 470/470/470 471/471/471
f 472/472/472 473/473/473 474/474/474
f 475/475/475 476/476/476 477/477/477
f 478/478/478 479/479/479 480/480/480
f 481/481/481 482/482/482 483/483/483
f 484/484/484 485/485/485 486/486/486
f 487/487/487 488/488/488 489/489/489
f 490/490/490 491/491/491 492/492/492
f 493/493/493 494/494/494 495/495/495
f 496/496/496 497/497/497 498/498/498
f 499/499/499 500/500/500 501/501/501
f 502/502/502 503/503/503 504/504/504
f 505/505/505 506/506/506 507/507/507
f 508/508/508 509/509/509 510/510/510
f 511/511/511 512/512/512 513/513/513
f 514/514/514 515/515/515 516/516/516
f 517/517/517 518/518/518 519/519/519
f 520/520/520 521/521/521 522/522/522
f 523/523/523 524/524/524 525/525/525
f 526/526/526 527/527/527 528/528/528
f 529/529/529 530/530/530 531/531/531
f 532/532/532 533/533/533 534/534/534
f 535/535/535 536/536/536 537/537/537
f 538/538/538 539/539/539 540/540/540
f 541/541/541 542/542/542 543/543/543
f 544/544/544 545/545/545 546/546/546
f 547/547/547 548/548/548 549/549/549
f 550/550/550 551/551/551 552/552/552
f 553/553/553 554/554/554 555/555/555
f 556/556/556 557/557/557 558/558/558
f 559/559/559 560/560/560 561/561/561
f 562/562/562 563/563/563 564/564/564
f 565/565/565 566/566/566 567/567/567
f 568/568/568 569/569/569 570/570/570
f 571/571/571 572/572/572 573/573/573
f 574/574/574 575/575/575 576/576/576
f 577/577/577 578/578/578 579/579/579
f 580/580/580 581/581/581 582/582/582
f 583/583/583 584/584/584 585/585/585
f 586/586/586 587/587/587 588/588/588
f 589/589/589 590/590/590 591/591/591
f 592/592/592 593/593/593 594/594/594
f 595/595/595 596/596/596 597/597/597
f 598/598/598 599/599/599 600/600/600
f 601/601/601 602/602/602 603/603/603
f 604/604/604 605/605/605 606/606/606
f 607/607/607 608/608/608 609/609/609
f 610/610/610 611/611/611 612/612/612
f 613/613/613 614/614/614 615/615/615
f 616/616/616 617/617/617 618/618/618
f 619/619/619 620/620/620 621/621/621
f 622/622/622 623/623/623 624/624/624
f 625/625/625 626/626/626 627/627/627
f 628/628/628 629/629/629 630/630/630
f 631/631/631 632/632/632 633/633/633
f 634/634/634 635/635/635 636/636/636
f 637/637/637 638/638/638 639/639/639
f 640/640/640 641/641/641 642/642/642
f 643/643/643 644/644/644 645/645/645
f 646/646/646 647/647/647 648/648/648
f 649/649/649 650/650/650 651/651/651
f 652/652/652 653/653/653 654/654/654
f 655/655/655 656/656/656 657/657/657
f 658/658/658 659/659/659 660/660/660
f 661/661/661 662/662/662 663/663/663
f 664/664/664 665/665/665 666/666/666
f 667/667/667 668/668/668 669/669/669
f 670/670/670 671/671/671 672/672/672
f 673/673/673 674/674/674 675/675/675
f 676/676/676 677/677/677 678/678/678
f 679/679/679 680/680/680 681/681/681
f 682/682/682 683/683/683 684/684/684
f 685/685/685 686/686/686 687/687/687
f 688/688/688 689/689/689 690/690/690
f 691/691/691 692/692/692 693/693/693
f 694/694/694 695/695/695 696/696/696
f 697/697/697 698/698/698 699/699/699
f 700/700/700 701/701/701 702/702/702
f 703/703/703 704/704/704 705/705/705
f 706/706/706 707/707/707 708/708/708
f 709/709/709 710/710/710 711/711/711
f 712/712/712 713/713/713 714/714/714
f 715/715/715 716/716/716 717/717/717
f 718/718/718 719/719/719 720/720/720
f 721/721/721 722/722/722 723/723/723
f 724/724/724 725/725/725 726/726/726
f 727/727/727 728/728/728 729/729/729
f 730/730/730 731/731/731 732/732/732
f 733/733/733 734/734/734 735/735/735
f 736/736/736 737/737/737 738/738/738
f 739/739/739 740/740/740 741/741/741
f 742/742/742 743/743/743 744/744/744
f 745/745/745 746/746/746 747/747/747
f 748/748/748 749/749/749 750/750/750
f 751/751/751 752/752/752 753/753/753
f 754/754/754 755/755/755 756/756/756
f 757/757/757 758/758/758 759/759/759
f 760/760/760 761/761/761 762/762/762
f 763/763/763 764/764/764 765/765/765
f 766/766/766 767/767/767 768/768/768
f 769/769/769 770/770/770 771/771/771
f 772/772/772 773/773/773 774/774/774
f 775/775/775 776/776/776 777/777/777
f 778/778/778 779/779/779 780/780/780
f 781/781/781 782/782/782 783/783/783
f 784/784/784 785/785/785 786/786/786
f 787/787/787 788/788/788 789/789/789
f 790/790/790 791/791/791 792/792/792
f 793/793/793 794/794/794 795/795/795
f 796/796/796 797/797/797 798/798/798
f 799/799/799 800/800/800 801/801/801
f 802/802/802 803/803/803 804/804/804
f 805/805/805 806/806/806 807/807/807
f 808/808/808 809/809/809 810/810/810
f 811/811/811 812/812/812 813/813/813
f 814/814/814 815/815/815 816/816/816
f 817/817/817 818/818/818 819/819/819
f 820/820/820 821/821/821 822/822/822
f 823/823/823 824/824/824 825/825/825
f 826/826/826 827/827/827 828/828/828
f 829/829/829 830/830/830 831/831/831
f 832/832/832 833/833/833 834/834/834
f 835/835/835 836/836/836 837/837/837
f 838/838/838 839/839/839 840/840/840
f 841/841/841 842/842/842 843/843/843
f 844/844/844 845/845/845 846/846/846
f 847/847/847 848/848/848 849/849/849
f 850/850/850 851/851/851 852/852/852
f 853/853/853 854/854/854 855/855/855
f 856/856/856 857/857/857 858/858/858
f 859/859/859 860/860/860 861/861/861
f 862/862/862 863/863/863 864/864/864
f 865/865/865 866/866/866 867/867/867
f 868/868/868 869/869/869 870/870/870
f 871/871/871 872/872/872 873/873/873
f 874/874/874 875/875/875 876/876/876
f 877/877/877 878/878/878 879/879/879
f 880/880/880 881/881/881 882/882/882
f 883/883/883 884/884/884 885/885/885
f 886/886/886 887/887/887 888/888/888
f 889/889/889 890/890/890 891/891/891
f 892/892/892 893/893/893 894/894/894
f 895/895/895 896/896/896 897/897/897
f 898/898/898 899/899/899 900/900/900
f 901/901/901 902/902/902 903/903/903
f 904/904/904 905/905/905 906/906/906
f 907/907/907 908/908/908 909/909/909
f 910/910/910 911/911/911 912/912/912
f 913/913/913 914/914/914 915/915/915
f 916/916/916 917/917/917 918/918/918
f 919/919/919 920/920/920 921/921/921
f 922/922/922 923/923/923 924/924/924
f 925/925/925 926/926/926 927/927/927
f 928/928/928 929/929/929 930/930/930
f 931/931/931 932/932/932 933/933/933
f 934/934/934 935/935/935 936/936/936
f 937/937/937 938/938/938 939/939/939
f 940/940/940 941/941/941 942/942/942
f 943/943/943 944/944/944 945/945/945
f 946/946/946 947/947/947 948/948/948
f 949/949/949 950/950/950 951/951/951
f 952/952/952 953/953/953 954/954/954
f 955/955/955 956/956/956 957/957/957
f 958/958/958 959/959/959 960/960/960
f 961/961/961 962/962/962 963/963/963
f 964/964/964 965/965/965 966/966/966
f 967/967/967 968/968/968 969/969/969
f 970/970/970 971/971/971 972/972/972
f 973/973/973 974/974/974 975/975/975
f 976/976/976 977/977/977 978/978/978
f 979/979/979 980/980/980 981/981/981
f 982/982/982 983/983/983 984/984/984
f 985/985/985 986/986/986 987/987/987
f 988/988/988 989/989/989 990/990/990
f 991/991/991 992/992/992 993/993/993
f 994/994/994 995/995/995 996/996/996
f 997/997/997 998/998/998 999/999/999
f 1000/1000/1000 1001/1001/1001 1002/1002/1002
f 1003/1003/1003 1004/1004/1004 1005/1005/1005
f 1006/1006/1006 1007/1007/1007 1008/1008/1008
f 1009/1009/1009 1010/1010/1010 1011/1011/1011
f 1012/1012/1012 1013/1013/1013 1014/1014/1014
f 1015/1015/1015 1016/1016/1016 1017/1017/1017
f 1018/1018/1018 1019/1019/1019 1020/1020/1020
f 1021/1021/1021 1022/1022/1022 1023/1023/1023
f 1024/1024/1024 1025/1025/1025 1026/1026/1026
f 1027/1027/1027 1028/1028/1028 1029/1029/1029
f 1030/1030/1030 1031/1031/1031 1032/1032/1032
f 1033/1033/1033 1034/1034/1034 1035/1035/1035
f 1036/1036/1036 1037/1037/1037 1038/1038/1038
f 1039/1039/1039 1040/1040/1040 1041/1041/1041
f 1042/1042/1042 1043/1043/1043 1044/1044/1044
f 1045/1045/1045 1046/1046/1046 1047/1047/1047
f 1048/1048/1048 1049/1049/1049 1050/1050/1050
f 1051/1051/1051 1052/1052/1052 1053/1053/1053
f 1054/1054/1054 1055/1055/1055 1056/1056/1056
f 1057/1057/1057 1058/1058/1058 1059/1059/1059
f 1060/1060/1060 1061/1061/1061 1062/1062/1062
f 1063/1063/1063 1064/1064/1064 1065/1065/1065
f 1066/1066/1066 1067/1067/1067 1068/1068/1068
f 1069/1069/1069 1070/1070/1070 1071/1071/1071
f 1072/1072/1072 1073/1073/1073 1074/1074/1074
f 1075/1075/1075 1076/1076/1076 1077/1077/1077
f 1078/1078/1078 1079/1079/1079 1080/1080/1080
f 1081/1081/1081 1082/1082/1082 1083/1083/1083
f 1084/1084/1084 1085/1085/1085 1086/1086/1086
f 1087/1087/1087 1088/1088/1088 1089/1089/1089
f 1090/1090/1090 1091/1091/1091 1092/1092/1092
f 1093/1093/1093 1094/1094/1094 1095/1095/1095
f 1096/1096/1096 1097/1097/1097 1098/1098/1098
f 1099/1099/1099 1100/1100/1100 1101/1101/1101
f 1102/1102/1102 1103/1103/1103 1104/1104/1104
f 1105/1105/1105 1106/1106/1106 1107/1107/1107
f 1108/1108/1108 1109/1109/1109 1110/1110/1110
f 1111/1111/1111 1112/1112/1112 1113/1113/1113
f 1114/1114/1114 1115/1115/1115 1116/1116/1116
f 1117/1117/1117 1118/1118/1118 1119/1119/1119
f 1120/1120/1120 1121/1121/1121 1122/1122/1122
f 1123/1123/1123 1124/1124/1124 1125/1125/1125
f 1126/1126/1126 1127/1127/1127 1128/1128/1128
f 1129/1129/1129 1130/1130/1130 1131/1131/1131
f 1132/1132/1132 1133/1133/1133 1134/1134/1134
f 1135/1135/1135 1136/1136/1136 1137/1137/1137
f 1138/1138/1138 1139/1139/1139 1140/1140/1140
f 1141/1141/1141 1142/1142/1142 1143/1143/1143
f 1144/1144/1144 1145/1145/1145 1146/1146/1146
f 1147/1147/1147 1148/1148/1148 1149/1149/1149
f 1150/1150/1150 1151/1151/1151 1152/1152/1152
f 1153/1153/1153 1154/1154/1154 1155/1155/1155
f 1156/1156/1156 1157/1157/1157 1158/1158/1158
f 1159/1159/1159 1160/1160/1160 1161/1161/1161
f 1162/1162/1162 1163/1163/1163 1164/1164/1164
f 1165/1165/1165 1166/1166/1166 1167/1167/1167
f 1168/1168/1168 1169/1169/1169 1170/1170/1170
f 1171/1171/1171 1172/1172/1172 1173/1173/1173
f 1174/1174/1174 1175/1175/1175 1176/1176/1176
f 1177/1177/1177 1178/1178/1178 1179/1179/1179
f 1180/1180/1180 1181/1181/1181 1182/1182/1182
f 1183/1183/1183 1184/1184/1184 1185/1185/1185
f 1186/1186/1186 1187/1187/1187 1188/1188/1188
f 1189/1189/1189 1190/1190/1190 1191/1191/1191
f 1192/1192/1192 1193/1193/1193 1194/1194/1194
f 1195/1195/1195 1196/1196/1196 1197/1197/1197
f 1198/1198/1198 1199/1199/1199 1200/1200/1200
f 1201/1201/1201 1202/1202/1202 1203/1203/1203
f 1204/1204/1204 1205/1205/1205 1206/1206/1206
f 1207/1207/1207 1208/1208/1208 1209/1209/1209
f 1210/1210/1210 1211/1211/1211 1212/1212/1212
f 1213/1213/1213 1214/1214/1214 1215/1215/1215
f 1216/1216/1216 1217/1217/1217 1218/1218/1218
f 1219/1219/1219 1220/1220/1220 1221/1221/1221
f 1222/1222/1222 1223/1223/1223 1224/1224/1224
f 1225/1225/1225 1226/1226/1226 1227/1227/1227
f 1228/1228/1228 1229/1229/1229 1230/1230/1230
f 1231/1231/1231 1232/1232/1232 1233/1233/1233
f 1234/1234/1234 1235/1235/1235 1236/1236/1236
f 1237/1237/1237 1238/1238/1238 1239/1239/1239
f 1240/1240/1240 1241/1241/1241 1242/1242/1242
f 1243/1243/1243 1244/1244/1244 1245/1245/1245
f 1246/1246/1246 1247/1247/1247 1248/1248/1248
f 1249/1249/1249 1250/1250/1250 1251/1251/1251
f 1252/1252/1252 1253/1253/1253 1254/1254/1254
f 1255/1255/1255 1256/1256/1256 1257/1257/1257
f 1258/1258/1258 1259/1259/1259 1260/1260/1260
f 1261/1261/1261 1262/1262/1262 1263/1263/1263
f 1264/1264/1264 1265/1265/1265 1266/1266/1266
f 1267/1267/1267 1268/1268/1268 1269/1269/1269
f 1270/1270/1270 1271/1271/1271 1272/1272/1272
f 1273/1273/1273 1274/1274/1274 1275/1275/1275
f 1276/1276/1276 1277/1277/1277 1278/1278/1278
f 1279/1279/1279 1280/1280/1280 1281/1281/1281
f 1282/1282/1282 1283/1283/1283 1284/1284/1284
f 1285/1285/1285 1286/1286/1286 1287/1287/1287
f 1288/1288/1288 1289/1289/1289 1290/1290/1290
f 1291/1291/1291 1292/1292/1292 1293/1293/1293
f 1294/1294/1294 1295/1295/1295 1296/1296/1296
f 1297/1297/1297 1298/1298/1298 1299/1299/1299
f 1300/1300/1300 1301/1301/1301 1302/1302/1302
f 1303/1303/1303 1304/1304/1304 1305/1305/1305
f 1306/1306/1306 1307/1307/1307 1308/1308/1308
f 1309/1309/1309 1310/1310/1310 1311/1311/1311
f 1312/1312/1312 1313/1313/1313 1314/1314/1314
f 1315/1315/1315 1316/1316/1316 1317/1317/1317
f 1318/1318/1318 1319/1319/1319 1320/1320/1320
f 1321/1321/1321 1322/1322/1322 1323/1323/1323
f 1324/1324/1324 1325/1325/1325 1326/1326/1326
f 1327/1327/1327 1328/1328/1328 1329/1329/1329
f 1330/1330/1330 1331/1331/1331 1332/1332/1332
f 1333/1333/1333 1334/1334/1334 1335/1335/1335
f 1336/1336/1336 1337/1337/1337 1338/1338/1338
f 1339/1339/1339 1340/1340/1340 1341/1341/1341
f 1342/1342/1342 1343/1343/1343 1344/1344/1344
f 1345/1345/1345 1346/1346/1346 1347/1347/1347
f 1348/1348/1348 1349/1349/1349 1350/1350/1350
f 1351/1351/1351 1352/1352/1352 1353/1353/1353
f 1354/1354/1354 1355/1355/1355 1356/1356/1356
f 1357/1357/1357 1358/1358/1358 1359/1359/1359
f 1360/1360/1360 1361/1361/1361 1362/1362/1362
f 1363/1363/1363 1364/1364/1364 1365/1365/1365
f 1366/1366/1366 1367/1367/1367 1368/1368/1368
f 1369/1369/1369 1370/1370/1370 1371/1371/1371
f 1372/1372/1372 1373/1373/1373 1374/1374/1374
f 1375/1375/1375 1376/1376/1376 1377/1377/1377
f 1378/1378/1378 1379/1379/1379 1380/1380/1380
f 1381/1381/1381 1382/1382/1382 1383/1383/1383
f 1384/1384/1384 1385/1385/1385 1386/1386/1386
f 1387/1387/1387 1388/1388/1388 1389/1389/1389
f 1390/1390/1390 1391/1391/1391 1392/1392/1392
f 1393/1393/1393 1394/1394/1394 1395/1395/1395
f 1396/1396/1396 1397/1397/1397 1398/1398/1398
f 1399/1399/1399 1400/1400/1400 1401/1401/1401
f 1402/1402/1402 1403/1403/1403 1404/1404/1404
f 1405/1405/1405 1406/1406/1406 1407/1407/1407
f 1408/1408/1408 1409/1409/1409 1410/1410/1410
f 1411/1411/1411 1412/1412/1412 1413/1413/1413
f 1414/1414/1414 1415/1415/1415 1416/1416/1416
f 1417/1417/1417 1418/1418/1418 1419/1419/1419
f 1420/1420/1420 1421/1421/1421 1422/1422/1422
f 1423/1423/1423 1424/1424/1424 1425/1425/1425
f 1426/1426/1426 1427/1427/1427 1428/1428/1428
f 1429/1429/1429 1430/1430/1430 1431/1431/1431
f 1432/1432/1432 1433/1433/1433 1434/1434/1434
f 1435/1435/1435 1436/1436/1436 1437/1437/1437
f 1438/1438/1438 1439/1439/1439 1440/1440/1440
f 1441/1441/1441 1442/1442/1442 1443/1443/1443
f 1444/1444/1444 1445/1445/1445 1446/1446/1446
f 1447/1447/1447 1448/1448/1448 1449/1449/1449
f 1450/1450/1450 1451/1451/1451 1452/1452/1452
f 1453/1453/1453 1454/1454/1454 1455/1455/1455
f 1456/1456/1456 1457/1457/1457 1458/1458/1458
f 1459/1459/1459 1460/1460/1460 1461/1461/1461
f 1462/1462/1462 1463/1463/1463 1464/1464/1464
f 1465/1465/1465 1466/1466/1466 1467/1467/1467
f 1468/1468/1468 1469/1469/1469 1470/1470/1470
f 1471/1471/1471 1472/1472/1472 1473/1473/1473
f 1474/1474/1474 1475/1475/1475 1476/1476/1476
f 1477/1477/1477 1478/1478/1478 1479/1479/1479
f 1480/1480/1480 1481/1481/1481 1482/1482/1482
f 1483/1483/1483 1484/1484/1484 1485/1485/1485
f 1486/1486/1486 1487/1487/1487 1488/1488/1488
f 1489/1489/1489 1490/1490/1490 1491/1491/1491
f 1492/1492/1492 1493/1493/1493 1494/1494/1494
f 1495/1495/1495 1496/1496/1496 1497/1497/1497
f 1498/1498/1498 1499/1499/1499 1500/1500/1500
f 1501/1501/1501 1502/1502/1502 1503/1503/1503
f 1504/1504/1504 1505/1505/1505 1506/1506/1506
f 1507/1507/1507 1508/1508/1508 1509/1509/1509
f 1510/1510/1510 1511/1511/1511 1512/1512/1512
f 1513/1513/1513 1514/1514/1514 1515/1515/1515
f 1516/1516/1516 1517/1517/1517 1518/1518/1518
f 1519/1519/1519 1520/1520/1520 1521/1521/1521
f 1522/1522/1522 1523/1523/1523 1524/1524/1524
f 1525/1525/1525 1526/1526/1526 1527/1527/1527
f 1528/1528/1528 1529/1529/1529 1530/1530/1530
f 1531/1531/1531 1532/1532/1532 1533/1533/1533
f 1534/1534/1534 1535/1535/1535 1536/1536/1536
f 1537/1537/1537 1538/1538/1538 1539/1539/1539
f 1540/1540/1540 1541/1541/1541 1542/1542/1542
f 1543/1543/1543 1544/1544/1544 1545/1545/1545
f 1546/1546/1546 1547/1547/1547 1548/1548/1548
f 1549/1549/1549 1550/1550/1550 1551/1551/1551
f 1552/1552/1552 1553/1553/1553 1554/1554/1554
f 1555/1555/1555 1556/1556/1556 1557/1557/1557
f 1558/1558/1558 1559/1559/1559 1560/1560/1560
f 1561/1561/1561 1562/1562/1562 1563/1563/1563
f 1564/1564/1564 1565/1565/1565 1566/1566/1566
f 1567/1567/1567 1568/1568/1568 1569/1569/1569
f 1570/1570/1570 1571/1571/1571 1572/1572/1572
f 1573/1573/1573 1574/1574/1574 1575/1575/1575
f 1576/1576/1576 1577/1577/1577 1578/1578/1578
f 1579/1579/1579 1580/1580/1580 1581/1581/1581
f 1582/1582/1582 1583/1583/1583 1584/1584/1584
f 1585/1585/1585 1586/1586/1586 1587/1587/1587
f 1588/1588/1588 1589/1589/1589 1590/1590/1590
f 1591/1591/1591 1592/1592/1592 1593/1593/1593
f 1594/1594/1594 1595/1595/1595 1596/1596/1596
f 1597/1597/1597 1598/1598/1598 1599/1599/1599
f 1600/1600/1600 1601/1601/1601 1602/1602/1602
f 1603/1603/1603 1604/1604/1604 1605/1605/1605
f 1606/1606/1606 1607/1607/1607 1608/1608/1608
f 1609/1609/1609 1610/1610/1610 1611/1611/1611
f 1612/1612/1612 1613/1613/1613 1614/1614/1614
f 1615/1615/1615 1616/1616/1616 1617/1617/1617
f 1618/1618/1618 1619/1619/1619 1620/1620/1620
f 1621/1621/1621 1622/1622/1622 1623/1623/1623
f 1624/1624/1624 1625/1625/1625 1626/1626/1626
f 1627/1627/1627 1628/1628/1628 1629/1629/1629
f 1630/1630/1630 1631/1631/1631 1632/1632/1632
f 1633/1633/1633 1634/1634/1634 1635/1635/1635
f 1636/1636/1636 1637/1637/1637 1638/1638/1638
f 1639/1639/1639 1640/1640/1640 1641/1641/1641
f 1642/1642/1642 1643/1643/1643 1644/1644/1644
f 1645/1645/1645 1646/1646/1646 1647/1647/1647
f 1648/1648/1648 1649/1649/1649 1650/1650/1650
f 1651/1651/1651 1652/1652/1652 1653/1653/1653
f 1654/1654/1654 1655/1655/1655 1656/1656/1656
f 1657/1657/1657 1658/1658/1658 1659/1659/1659
f 1660/1660/1660 1661/1661/1661 1662/1662/1662
f 1663/1663/1663 1664/1664/1664 1665/1665/1665
f 1666/1666/1666 1667/1667/1667 1668/1668/1668
f 1669/1669/1669 1670/1670/1670 1671/1671/1671
f 1672/1672/1672 1673/1673/1673 1674/1674/1674
f 1675/1675/1675 1676/1676/1676 1677/1677/1677
f 1678/1678/1678 1679/1679/1679 1680/1680/1680
f 1681/1681/1681 1682/1682/1682 1683/1683/1683
f 1684/1684/1684 1685/1685/1685 1686/1686/1686
f 1687/1687/1687 1688/1688/1688 1689/1689/1689
f 1690/1690/1690 1691/1691/1691 1692/1692/1692
f 1693/1693/1693 1694/1694/1694 1695/1695/1695
f 1696/1696/1696 1697/1697/1697 1698/1698/1698
f 1699/1699/1699 1700/1700/1700 1701/1701/1701
f 1702/1702/1702 1703/1703/1703 1704/1704/1704
f 1705/1705/1705 1706/1706/1706 1707/1707/1707
f 1708/1708/1708 1709/1709/1709 1710/1710/1710
f 1711/1711/1711 1712/1712/1712 1713/1713/1713
f 1714/1714/1714 1715/1715/1715 1716/1716/1716
f 1717/1717/1717 1718/1718/1718 1719/1719/1719
